Relevant Span,Relevant Span Count,Relevant Span Score,,,
,,,,,
Whaling,2,1,,,
,,,,,
whaling,3,0.9486832981,,,
whaling die,1,0.316227766,,,
,,,,,
Whale Slaughter,3,0.4931969619,,,
Whale,1,0.1643989873,,,
Resuming Whale Slaughter,1,0.1643989873,,,
Denounce Japan for Resuming Whale Slaughter,1,0.1643989873,,,
Japan,5,0.8219949365,,,
,,,,,
Whale Slaughter,4,0.5897678246,,,
Whale,2,0.2948839123,,,
Denounce Japan for Whale Slaughter,1,0.1474419562,,,
Japan,5,0.7372097808,,,
,,,,,
Denounce Japan for Whale Slaughter,2,0.3592106041,,,
Whale Slaughter,1,0.179605302,,,
Whale,4,0.7184212081,,,
Denounce Japan,1,0.179605302,,,
Japan,3,0.5388159061,,,
,,,,,
whaling,1,1,,,
,,,,,
Whale Slaughter,2,0.3849001795,,,
Whale,3,0.5773502692,,,
Denounce Japan,1,0.1924500897,,,
Denounce Japan for Whale Slaughter,2,0.3849001795,,,
Japan,3,0.5773502692,,,
,,,,,
whales are not recovering,1,0.5,,,
Clues to why whales are not recovering,1,0.5,,,
whales,1,0.5,,,
not recovering,1,0.5,,,
,,,,,
whaling ground,,,,,
,,,,,
Japanese whaling fleet,2,0.5547001962,,,
Japanese whaling,3,0.8320502943,,,
,,,,,
#Whaling:,1,1,,,
,,,,,
Nations,1,0.5,,,
Whaling,1,0.5,,,
Whaling Nations,1,0.5,,,
Current,1,0.5,,,
,,,,,
whaling,1,0.7071067812,,,
whaling ship,,,,,
,,,,,
End Whaling,1,0.1443375673,,,
Whaling,5,0.7216878365,,,
Japan,4,0.5773502692,,,
Not Scientific,1,0.1443375673,,,
UN Court Orders Japan to End Whaling,1,0.1443375673,,,
Hunt,2,0.2886751346,,,
,,,,,
Whaling,3,0.4803844614,,,
Whaling town sued by dolphin activists,1,0.1601281538,,,
town sued,1,0.1601281538,,,
dolphin activists,1,0.1601281538,,,
Japan Times:,1,0.1601281538,,,
dolphin,2,0.3202563076,,,
Japan,3,0.4803844614,,,
,,,,,
Whaling,1,1,,,
,,,,,
Whaling,3,0.9486832981,,,
Whales,1,0.316227766,,,
,,,,,
#Japan,1,1,,,
,,,,,
whaling,2,1,,,
,,,,,
Icelandic whaling,2,1,,,
,,,,,
arguments against Icelandic whaling,1,1,,,
,,,,,
Whale,1,0.7071067812,,,
#whaling,1,0.7071067812,,,
,,,,,
Whaling Museum,1,1,,,
,,,,,
Whaling,1,0.7071067812,,,
National Anthems of Great Current Whaling Nations,1,0.7071067812,,,
,,,,,
whaling,4,0.6099942813,,,
stop whaling,1,0.1524985703,,,
Japan to stop whaling,1,0.1524985703,,,
Japan,5,0.7624928517,,,
,,,,,
Alaska Whale Stew,3,0.7745966692,,,
Whale,1,0.2581988897,,,
#whaling,2,0.5163977795,,,
#Tweet4Taiji #thecove #whaling,1,0.2581988897,,,
,,,,,
whaling,1,0.7071067812,,,
arguments against Icelandic whaling,1,0.7071067812,,,
,,,,,
Alaska Whale Stew,2,0.632455532,,,
Whale,1,0.316227766,,,
Alaska Whale,1,0.316227766,,,
#whaling,2,0.632455532,,,
,,,,,
"whaling community in 1800s, protagonist",1,0.4472135955,,,
whaling community,2,0.894427191,,,
,,,,,
whaling,,,,,
Why we should allow whaling,,,,,
Why we,1,0.2773500981,,,
allow whaling,,,,,
#Tweet4Taiji #ShutTaijiDown #tweet4dolphins #opkillingbay,1,0.2773500981,,,
#tweet4dolphins,2,0.5547001962,,,
we should,1,0.2773500981,,,
,,,,,
Whaling!,2,0.6666666667,,,
Stand Against Whaling!,1,0.3333333333,,,
Against Whaling!,2,0.6666666667,,,
,,,,,
"""Whaling",3,1,,,
,,,,,
whaling community,2,1,,,
,,,,,
http://t_###_co/2JqJ0qFmZv,1,0.2773500981,,,
Whale,2,0.5547001962,,,
#whaling,2,0.5547001962,,,
,,,,,
Whaling,2,0.894427191,,,
#seashepherd,1,0.4472135955,,,
,,,,,
Current Whaling Nations,1,0.2886751346,,,
South Korea,1,0.2886751346,,,
#thecove,1,0.2886751346,,,
Whaling,3,0.8660254038,,,
,,,,,
#thecove,1,0.3535533906,,,
Current Whaling Nations,1,0.3535533906,,,
Whaling Nations,1,0.3535533906,,,
Whaling,2,0.7071067812,,,
#SeaShepherd,1,0.3535533906,,,
,,,,,
Whaling,2,0.894427191,,,
#SeaShepherd,1,0.4472135955,,,
,,,,,
Whaling,4,0.9701425001,,,
Whaling Nations,1,0.242535625,,,
,,,,,
Whaling,2,0.894427191,,,
#seashepherd,1,0.4472135955,,,
,,,,,
Whaling,1,1,,,
,,,,,
#Lebroning #Whaling,1,0.5773502692,,,
"""YEET"" Compilation",1,0.5773502692,,,
#Whaling,1,0.5773502692,,,
,,,,,
#Whaling,3,1,,,
,,,,,
Heather Whaling (@prtini) on the Art of Public Relations,1,1,,,
,,,,,
whaling,1,0.4472135955,,,
whaling fleet scholarships,2,0.894427191,,,
,,,,,
Whale Wars,1,0.1825741858,,,
Whale,2,0.3651483717,,,
Japanese Whaling,5,0.9128709292,,,
,,,,,
whaling,2,0.2581988897,,,
Antarctic whaling,4,0.5163977795,,,
court ban,2,0.2581988897,,,
Japan,6,0.7745966692,,,
,,,,,
Halt Antarctic Whaling,1,0.127000127,,,
Whaling,5,0.635000635,,,
Japan,6,0.762000762,,,
,,,,,
Vietnam,1,0.5773502692,,,
"China,",1,0.5773502692,,,
2014 Part 2 feat,,,,,
,,,,,
Senkaku Islands,1,0.5773502692,,,
Maritime Peace,1,0.5773502692,,,
Japanease,1,0.5773502692,,,
,,,,,
"#JAPAN #Senkaku The Senkaku Islands Seeking Maritime Peace based on the Rule of Law,",1,0.7071067812,,,
#JAPAN,1,0.7071067812,,,
,,,,,
JAPAN,1,1,,,
,,,,,
YASUKUNI SHRINE JAPAN,1,1,,,
,,,,,
JAPAN,1,1,,,
,,,,,
YASUKUNI SHRINE JAPAN,1,1,,,
,,,,,
JAPAN,1,1,,,
,,,,,
YASUKUNI SHRINE JAPAN,1,0.5773502692,,,
JAPAN,1,0.5773502692,,,
å‹•ç”»ã‚’é«˜ãè©•ä¾¡ã—ã¾ã—ãŸ:,1,0.5773502692,,,
,,,,,
YASUKUNI,1,0.316227766,,,
JAPAN,3,0.9486832981,,,
,,,,,
SHRINE JAPAN,1,0.7071067812,,,
JAPAN,1,0.7071067812,,,
,,,,,
YASUKUNI,1,0.7071067812,,,
JAPAN,1,0.7071067812,,,
,,,,,
Japan,,,,,
,,,,,
JAPAN,1,1,,,
,,,,,
The Senkaku Islands,2,1,,,
,,,,,
Maritime Peace,1,1,,,
,,,,,
The Senkaku Islands,1,1,,,
,,,,,
Senkaku Islands,1,1,,,
,,,,,
#Japan's,1,1,,,
,,,,,
JAPAN,2,1,,,
,,,,,
Alaska Whale Stew,2,0.755928946,,,
Whale,1,0.377964473,,,
#thecove #whaling,1,0.377964473,,,
#whaling,1,0.377964473,,,
,,,,,
Whale,1,0.7071067812,,,
#Tweet4Taiji #thecove #whaling,1,0.7071067812,,,
,,,,,
Whaling,4,0.6030226892,,,
#Tweet4Taiji #thecove #seashepherd,1,0.1507556723,,,
Japan,5,0.7537783614,,,
Great Whaling Nations,1,0.1507556723,,,
Whaling Nations Japan,1,0.1507556723,,,
,,,,,
Whale,1,0.5773502692,,,
#whaling,1,0.5773502692,,,
,,,,,
Whale Steak &amp; Whale in Red Wine,,,,,
#whaling,2,0.5547001962,,,
,,,,,
Whaling,1,0.5773502692,,,
#seashepherd,1,0.5773502692,,,
Whaling Nations,1,0.5773502692,,,
,,,,,
whaling fleet,1,0.2773500981,,,
International court delivers ban verdict,1,0.2773500981,,,
Japanese,1,0.2773500981,,,
Japanese whaling fleet leaves port weeks after International court delivers ban verdict,1,0.2773500981,,,
Japanese whaling fleet,2,0.5547001962,,,
Japanese whaling fleet leaves port,1,0.2773500981,,,
Japanese whaling,2,0.5547001962,,,
,,,,,
Whale,1,0.3015113446,,,
#thecove #whaling,1,0.3015113446,,,
#whaling,3,0.9045340337,,,
,,,,,
#Tweet4Taiji,1,0.4082482905,,,
National Anthems of Great Current Whaling Nations,1,0.4082482905,,,
Whaling Nations,2,0.8164965809,,,
,,,,,
National Anthems,1,0.4472135955,,,
Whaling Nations,2,0.894427191,,,
,,,,,
early whaling days,1,1,,,
,,,,,
Great Current Whaling Nations,1,0.377964473,,,
Whaling,2,0.755928946,,,
#Tweet4Taiji #TheCove #SeaShepherd,1,0.377964473,,,
Current Whaling Nations,1,0.377964473,,,
,,,,,
whaling,5,0.9805806757,,,
during early whaling days,1,0.1961161351,,,
,,,,,
National Anthems of Great Current Whaling Nations,1,0.7071067812,,,
Whaling Nations,1,0.7071067812,,,
,,,,,
#Tweet4Taiji #ShutTaijiDown #tweet4dolphins #opkillingbay #seashepherd,1,0.1714985851,,,
whaling,,,,,
we should allow whaling,,,,,
#tweet4dolphins,4,0.6859943406,,,
,,,,,
"whaling,",6,0.75,,,
Pacific,,,,,
wonderful Japanese,1,0.125,,,
refusing,1,0.125,,,
Japanese,5,0.625,,,
,,,,,
whaling,5,1,,,
,,,,,
Why Norway Needs to Let Whaling Die,1,0.5,,,
Let Whaling Die,1,0.5,,,
Why Norway Needs,1,0.5,,,
whaling industry in Norway,1,0.5,,,
,,,,,
Denounce Japan for Whale Slaughter,3,0.5070925528,,,
Whale Slaughter,4,0.6761234038,,,
Denounce Japan,1,0.1690308509,,,
Japan,3,0.5070925528,,,
,,,,,
Denounce Japan for Whale Slaughter,1,0.1507556723,,,
Whale Slaughter,5,0.7537783614,,,
Denounce Japan,1,0.1507556723,,,
Japan,4,0.6030226892,,,
Japan for Whale Slaughter,1,0.1507556723,,,
,,,,,
Whale Slaughter,3,0.7276068751,,,
Whale,1,0.242535625,,,
Japan for Resuming Whale Slaughter,1,0.242535625,,,
Denounce Japan for Resuming Whale Slaughter,2,0.4850712501,,,
Denounce Japan,1,0.242535625,,,
Japan,1,0.242535625,,,
,,,,,
Denounce Japan for Whale Slaughter,3,0.5222329679,,,
Whale Slaughter,2,0.3481553119,,,
Whale,2,0.3481553119,,,
Japan,4,0.6963106238,,,
,,,,,
Keep Japan from Whaling?,2,0.5163977795,,,
Whaling?,2,0.5163977795,,,
Japan from Whaling?,1,0.2581988897,,,
International Pressure Really Keep Japan from Whaling?,1,0.2581988897,,,
Japan,2,0.5163977795,,,
Can International Pressure Really Keep Japan from Whaling?,1,0.2581988897,,,
,,,,,
Denounce Japan for Whale Slaughter,1,0.1666666667,,,
Whale Slaughter,2,0.3333333333,,,
#Japan #Whale,1,0.1666666667,,,
Whale,2,0.3333333333,,,
#Japan,1,0.1666666667,,,
Japan,5,0.8333333333,,,
,,,,,
"Epic ""YEET"" Compilation",1,0.316227766,,,
#Whaling:,3,0.9486832981,,,
,,,,,
#Whaling:,2,0.894427191,,,
Craze!,1,0.4472135955,,,
,,,,,
Japan loses whaling case,2,0.4170288281,,,
whaling,3,0.6255432422,,,
Japan,3,0.6255432422,,,
international court,1,0.2085144141,,,
,,,,,
Stay on Japanese Antarctic Whaling,1,0.1924500897,,,
Whaling,3,0.5773502692,,,
Japanese Antarctic Whaling,4,0.7698003589,,,
Japanese,1,0.1924500897,,,
,,,,,
Japan's whaling,5,0.9805806757,,,
Japan's whaling the end is nigh,1,0.1961161351,,,
,,,,,
Denounce Japan for Whale Slaughter,1,0.2236067977,,,
Whale Slaughter,3,0.6708203932,,,
Whale,2,0.4472135955,,,
Denounce Japan,1,0.2236067977,,,
Japan,2,0.4472135955,,,
Japan for Whale Slaughter,1,0.2236067977,,,
,,,,,
Whale Slaughter,4,0.6099942813,,,
Whale,1,0.1524985703,,,
Japan,5,0.7624928517,,,
Japan for Whale Slaughter,1,0.1524985703,,,
,,,,,
the end,1,0.179605302,,,
Japan's whaling,5,0.8980265101,,,
end is nigh,1,0.179605302,,,
Japan's whaling the end is nigh,2,0.3592106041,,,
,,,,,
Denounce Japan for Whale Slaughter,1,0.1961161351,,,
Whale Slaughter,2,0.3922322703,,,
Whale,2,0.3922322703,,,
Japan,4,0.7844645406,,,
Japan for Whale Slaughter,1,0.1961161351,,,
,,,,,
#whaling fleet leaves #Japan,1,0.1690308509,,,
#Japan,4,0.6761234038,,,
hunting,1,0.1690308509,,,
#whaling,4,0.6761234038,,,
#whaling fleet leaves #Japan since #UN hunting ban in Antarctic,1,0.1690308509,,,
,,,,,
#whaling fleet leaves #Japan,2,0.3380617019,,,
#UN hunting ban in Antarctic,1,0.1690308509,,,
#whaling,3,0.5070925528,,,
Antarctic,1,0.1690308509,,,
hunting ban,2,0.3380617019,,,
#Japan,4,0.6761234038,,,
,,,,,
Denounce Japan for Whale Slaughter,1,0.1221694444,,,
Whale Slaughter,5,0.6108472218,,,
ForceChange,1,0.1221694444,,,
Whale,2,0.2443388887,,,
Japan,6,0.7330166661,,,
,,,,,
Denounce Japan for Whale Slaughter,2,0.4170288281,,,
Whale Slaughter,3,0.6255432422,,,
Japan,3,0.6255432422,,,
Japan for Whale Slaughter,1,0.2085144141,,,
,,,,,
Denounce Japan for Whale Slaughter,1,0.1714985851,,,
Whale Slaughter,4,0.6859943406,,,
Japan,4,0.6859943406,,,
Japan for Whale Slaughter,1,0.1714985851,,,
,,,,,
Japan Sets Off for First Whaling,2,0.5345224838,,,
Whaling Since UN Court Ruling,1,0.2672612419,,,
First Whaling,,,,,
for First,,,,,
Whaling,2,0.5345224838,,,
Japan Sets Off,,,,,
Japan Sets Off for First Whaling Since UN Court Ruling,1,0.2672612419,,,
Japan,2,0.5345224838,,,
,,,,,
First Whaling,1,0.1474419562,,,
Whaling,4,0.5897678246,,,
Japan Sets Off for First Whaling Since UN Court Ruling,2,0.2948839123,,,
Japan,5,0.7372097808,,,
,,,,,
Why Norway Needs to Let Whaling Die,1,1,,,
,,,,,
whaling,4,0.6963106238,,,
Japan to stop whaling,1,0.174077656,,,
Japan,4,0.6963106238,,,
,,,,,
whales,1,1,,,
,,,,,
Whaling,1,0.2886751346,,,
ecologically sound as Whaling by the Japanese,,,,,
Whaling by the Japanese,,,,,
Japanese,,,,,
,,,,,
Japan's whaling the end is nigh,1,0.1924500897,,,
Japan's whaling,5,0.9622504486,,,
the end is nigh,1,0.1924500897,,,
,,,,,
Anti-Whaling Ship,1,0.7071067812,,,
Anti-Whaling,1,0.7071067812,,,
,,,,,
Stand Against Whaling!,3,0.7745966692,,,
Against Whaling!,2,0.5163977795,,,
The Petition,1,0.2581988897,,,
New Zealand: Stand Against Whaling!,1,0.2581988897,,,
,,,,,
Whaling,2,0.5345224838,,,
Resuming Whaling,1,0.2672612419,,,
Japan,3,0.8017837257,,,
,,,,,
whaling ships!,1,0.4082482905,,,
That's,1,0.4082482905,,,
illegal whaling ships!,1,0.4082482905,,,
whaling,1,0.4082482905,,,
coast of japan,,,,,
japan,,,,,
,,,,,
"Whales,",2,0.8164965809,,,
Whaling,1,0.4082482905,,,
Whaling Tune,1,0.4082482905,,,
,,,,,
Anti-Whaling Promise,1,0.2236067977,,,
Australia: Keep Anti-Whaling Promise,1,0.2236067977,,,
Keep Anti-Whaling Promise,1,0.2236067977,,,
Australia:,1,0.2236067977,,,
Anti-Whaling,4,0.894427191,,,
,,,,,
"Whaling""",1,0.4472135955,,,
"""New Whaling""",2,0.894427191,,,
,,,,,
"Whaling Museum,",2,0.8164965809,,,
whale,1,0.4082482905,,,
Whaling,1,0.4082482905,,,
,,,,,
Arctic whaling,1,0.5773502692,,,
whaling,1,0.5773502692,,,
whales,,,,,
,,,,,
whaling,2,0.6666666667,,,
whales,,,,,
,,,,,
whaling,3,1,,,
,,,,,
Whaling,2,1,,,
,,,,,
Whaling,1,0.1643989873,,,
Japanese Whaling,6,0.9863939238,,,
,,,,,
post on whaling,1,0.1961161351,,,
whaling,5,0.9805806757,,,
,,,,,
"Antarctic whaling ban,",1,0.2132007164,,,
whaling,4,0.8528028654,,,
"whaling ban,",1,0.2132007164,,,
#Japan,2,0.4264014327,,,
,,,,,
Whaling,3,0.5773502692,,,
Japan Stop Whaling,3,0.5773502692,,,
Japan,3,0.5773502692,,,
,,,,,
Japanese whaling fleet set to sail,1,0.125,,,
#japan #whaling,6,0.75,,,
Japanese whaling fleet,1,0.125,,,
Japan,1,0.125,,,
Japanese whaling,5,0.625,,,
,,,,,
#japan #whaling,2,0.3380617019,,,
Japanese whaling fleet,3,0.5070925528,,,
#japan #whaling #debate,4,0.6761234038,,,
Japanese whaling fleet set to sail despite recent ruling,1,0.1690308509,,,
Japan,1,0.1690308509,,,
Japanese whaling,2,0.3380617019,,,
,,,,,
Denounce Japan for Whale Slaughter,1,0.1889822365,,,
Whale Slaughter,3,0.5669467095,,,
Whale,1,0.1889822365,,,
Japan,4,0.755928946,,,
Japan for Whale Slaughter,1,0.1889822365,,,
,,,,,
Whale Slaughter,6,0.6974858325,,,
Whale,1,0.1162476387,,,
Japan,6,0.6974858325,,,
Japan for Whale Slaughter,1,0.1162476387,,,
,,,,,
Halt on Japanese Whaling,1,0.25,,,
Court Orders,1,0.25,,,
Court Orders a Halt on Japanese Whaling,2,0.5,,,
Japanese Whaling,3,0.75,,,
Halt,1,0.25,,,
,,,,,
#Whaling:,1,1,,,
,,,,,
victory for whales,1,0.377964473,,,
whaling is illegal,2,0.755928946,,,
whaling,1,0.377964473,,,
Japan's 'scientific' whaling is illegal,1,0.377964473,,,
,,,,,
"""Get your harpoon ready,",1,0.316227766,,,
"whaling""",3,0.9486832981,,,
,,,,,
@thecovenews) #dolphins,1,0.3333333333,,,
Whaling,2,0.6666666667,,,
#dolphins #whâ€¦,1,0.3333333333,,,
Miami Seaquarium,1,0.3333333333,,,
The Taiji Whaling Museum and the Miami Seaquarium,1,0.3333333333,,,
Taiji Whaling Museum,1,0.3333333333,,,
,,,,,
Whaling,1,0.7071067812,,,
Let Whaling Die,1,0.7071067812,,,
,,,,,
Japan's,3,0.6123724357,,,
Whaling,3,0.6123724357,,,
Justice Rules Japan's S,,,,,
Intl Court of Justice Rules Japan's S,,,,,
#Whales,2,0.4082482905,,,
,,,,,
"Antarctic whaling ban,",3,0.5883484054,,,
plans to,1,0.1961161351,,,
whaling,2,0.3922322703,,,
"Japan changes its mind about Antarctic whaling ban,",1,0.1961161351,,,
hunts,1,0.1961161351,,,
Japan changes,1,0.1961161351,,,
Japan,3,0.5883484054,,,
,,,,,
Australia v,,,,,
Whaling,2,0.632455532,,,
#WhaleWars,2,0.632455532,,,
Japan,1,0.316227766,,,
,,,,,
Whaling,5,0.7715167498,,,
Japan,4,0.6172133998,,,
Whaling in the Antarctic Australia v,,,,,
,,,,,
Billy,1,0.4082482905,,,
New Whaling,2,0.8164965809,,,
Bonnie 'Prince' Billy New Whaling,1,0.4082482905,,,
,,,,,
Japanese whaling,7,1,,,
,,,,,
Denounce Japan for Whale Slaughter,3,0.6255432422,,,
Whale Slaughter,2,0.4170288281,,,
Whale,2,0.4170288281,,,
Denounce Japan,1,0.2085144141,,,
Japan,2,0.4170288281,,,
Japan for Whale Slaughter,1,0.2085144141,,,
,,,,,
#Whaling:,3,1,,,
,,,,,
whaling,1,1,,,
,,,,,
#whaling,4,1,,,
,,,,,
Canada,1,0.5,,,
Whaling,1,0.5,,,
National Anthems of Great Current Whaling Nations,1,0.5,,,
Current Whaling Nations,1,0.5,,,
,,,,,
Denounce Japan for #Whale Slaughter,1,0.1924500897,,,
#Whale,1,0.1924500897,,,
#Whale Slaughter,3,0.5773502692,,,
Japan,4,0.7698003589,,,
,,,,,
Alaska Whale Stew,1,0.5773502692,,,
#thecove #whaling,1,0.5773502692,,,
#whaling,1,0.5773502692,,,
,,,,,
End Whaling,1,0.242535625,,,
Japan Ordered,1,0.242535625,,,
Whaling,2,0.4850712501,,,
End Whaling as Hunt,1,0.242535625,,,
Japan,2,0.4850712501,,,
Japan Ordered to End Whaling as Hunt Is Not Science,2,0.4850712501,,,
Japan Ordered to End Whaling,1,0.242535625,,,
Hunt,1,0.242535625,,,
,,,,,
Whaling,1,1,,,
,,,,,
ICJ Judgment in Australia v Japan (Antarctic Whaling):,1,0.2,,,
(Antarctic Whaling):,2,0.4,,,
ICJ,1,0.2,,,
Australia,1,0.2,,,
Whaling):,3,0.6,,,
Japan,3,0.6,,,
,,,,,
#Fisheries #Whales #Whaling,1,0.2581988897,,,
whale,2,0.5163977795,,,
don't support whale,1,0.2581988897,,,
#Whaling,3,0.7745966692,,,
,,,,,
Denounce Japan for Whale Slaughter,1,0.2581988897,,,
Whale Slaughter,3,0.7745966692,,,
Japan,2,0.5163977795,,,
Japan for Whale Slaughter,1,0.2581988897,,,
,,,,,
Japanese whaling group intends to resume its hunts,1,0.3015113446,,,
hunts,1,0.3015113446,,,
Japanese whaling,3,0.9045340337,,,
,,,,,
Japan confirms cancellation of whale hunt,1,0.3015113446,,,
cancellation of whale hunt,1,0.3015113446,,,
Whaling,1,0.3015113446,,,
whale hunt,2,0.6030226892,,,
Japan,2,0.6030226892,,,
,,,,,
cancellation,1,0.1212678125,,,
whale,1,0.1212678125,,,
Whaling,4,0.4850712501,,,
Japan,5,0.6063390626,,,
whale hunt,5,0.6063390626,,,
,,,,,
"Whaling,",4,0.6030226892,,,
"Whaling, hypocrites, shameful",,,,,
170 sharks caught under Australia cull policy,1,0.1507556723,,,
"You stop Japan from Whaling,",1,0.1507556723,,,
Japan,5,0.7537783614,,,
,,,,,
Whale Slaughter,5,0.6868028197,,,
Whale,1,0.1373605639,,,
Denounce Japan,1,0.1373605639,,,
Japan for Whale,1,0.1373605639,,,
Japan,5,0.6868028197,,,
,,,,,
whaling,3,1,,,
,,,,,
#Whaling:,2,1,,,
,,,,,
whaling fleet,1,1,,,
,,,,,
Whaling,3,0.9486832981,,,
Sag Harbor Whaling Museum Raises Funds Through Local Crowd-Funding,1,0.316227766,,,
,,,,,
Japanese whaling group,1,0.1924500897,,,
hunts,1,0.1924500897,,,
Japanese whaling,5,0.9622504486,,,
,,,,,
how is this any more scientific than Japan's whaling programs?,1,0.3333333333,,,
Japan's whaling,2,0.6666666667,,,
Japan's whaling programs?,2,0.6666666667,,,
,,,,,
whales,1,1,,,
,,,,,
Whaling,4,1,,,
,,,,,
Whaling,1,1,,,
,,,,,
whaling,2,1,,,
,,,,,
whaling,1,1,,,
,,,,,
whaling ship,1,1,,,
,,,,,
Whaling,3,0.9486832981,,,
Whaling in Antarctica,1,0.316227766,,,
,,,,,
Whaling,1,1,,,
,,,,,
whaling,1,1,,,
,,,,,
roam,1,0.2041241452,,,
Antarctic,1,0.2041241452,,,
#Japanese whaling ships to roam Antarctic again,1,0.2041241452,,,
again,1,0.2041241452,,,
#Japanese whaling ships,2,0.4082482905,,,
#Japanese whaling,4,0.8164965809,,,
,,,,,
whaling program,1,0.2773500981,,,
Japan restarts whaling program,3,0.8320502943,,,
Japan restarts whaling,1,0.2773500981,,,
Japan restarts whaling program in north-west Pacific from base at port of Ayukawa,1,0.2773500981,,,
Japan,1,0.2773500981,,,
,,,,,
Japan continues whaling,1,0.15430335,,,
whaling,5,0.7715167498,,,
Japan,4,0.6172133998,,,
,,,,,
Denounce Japan for Whale Slaughter,1,0.2294157339,,,
Whale Slaughter,3,0.6882472016,,,
Japan,3,0.6882472016,,,
,,,,,
return to the hunt,1,0.1767766953,,,
whaling,3,0.5303300859,,,
Stop whaling,1,0.1767766953,,,
Japan's whalers,4,0.7071067812,,,
No Japan,1,0.1767766953,,,
Japan,2,0.3535533906,,,
,,,,,
Japan restarts whaling,2,0.4364357805,,,
Japan restarts whaling program in north-west,1,0.2182178902,,,
whaling,2,0.4364357805,,,
Japan,3,0.6546536707,,,
whaling program,1,0.2182178902,,,
Japan restarts whaling program,1,0.2182178902,,,
north-west Pacific,1,0.2182178902,,,
,,,,,
Salt sea haulage whaling fleet,1,1,,,
,,,,,
Japan's,4,0.6575959492,,,
"""Scientific Whaling""",1,0.1643989873,,,
"Whaling""",2,0.3287979746,,,
"Whales,",4,0.6575959492,,,
,,,,,
Japan accepts court ban on Antarctic whaling,1,0.3015113446,,,
whaling,2,0.6030226892,,,
Antarctic whaling,1,0.3015113446,,,
Japan accepts court ban,1,0.3015113446,,,
Japan,2,0.6030226892,,,
,,,,,
Japan accepts court ban on Antarctic whaling,1,0.2236067977,,,
Antarctic whaling,3,0.6708203932,,,
ban,1,0.2236067977,,,
Japan,3,0.6708203932,,,
,,,,,
Japan's,6,0.6396021491,,,
victory for whales,1,0.1066003582,,,
whaling,6,0.6396021491,,,
World Court says Japan's 'scientific' whaling is illegal and must end,,,,,
World Court,1,0.1066003582,,,
illegal,2,0.2132007164,,,
whales,3,0.3198010745,,,
,,,,,
Japanese whaling ships coming back,2,0.6030226892,,,
Japanese whaling ships coming,1,0.3015113446,,,
Japanese whaling ships,2,0.6030226892,,,
Japan,,,,,
Japanese whaling,1,0.3015113446,,,
,,,,,
Japanese whaling ships,4,0.894427191,,,
Japanese whaling,2,0.4472135955,,,
,,,,,
Japanese whaling ships to roam Antarctic again,3,0.8320502943,,,
Japanese whaling,2,0.5547001962,,,
,,,,,
Whaling,2,0.5345224838,,,
Stop Whaling,1,0.2672612419,,,
Stop Whaling Now!,3,0.8017837257,,,
,,,,,
Japanese whaling ships to roam Antarctic again,1,0.2294157339,,,
Japanese whaling ships,3,0.6882472016,,,
Japanese whaling,3,0.6882472016,,,
,,,,,
like Japanese whaling,1,0.1924500897,,,
it's like Japanese whaling,1,0.1924500897,,,
Japanese whaling,5,0.9622504486,,,
,,,,,
this House condemns the departure of the Japanese whaling fleet,1,0.4082482905,,,
International Whaling,1,0.4082482905,,,
Japanese whaling fleet,2,0.8164965809,,,
,,,,,
Japanese #Whaling in Southern Oceans,1,0.1643989873,,,
Japanese #Whaling,6,0.9863939238,,,
,,,,,
Japanese #Whaling,5,1,,,
,,,,,
whaling,4,0.6761234038,,,
Japan restarts whaling program in,1,0.1690308509,,,
Japan restarts whaling program,1,0.1690308509,,,
Japan restarts whaling program in north-west Pacific,1,0.1690308509,,,
Japan,4,0.6761234038,,,
,,,,,
Japanese whaling,4,1,,,
,,,,,
Whaling,1,1,,,
,,,,,
Whaling Industry Plans,,,,,
Responds to Whaling,1,0.4082482905,,,
Whaling,2,0.8164965809,,,
,,,,,
Anti-whaling group,1,0.7071067812,,,
Anti-whaling,1,0.7071067812,,,
,,,,,
Whaling Industry,4,1,,,
,,,,,
Whaling,3,0.8320502943,,,
Whaling a cautionary Tail,,,,,
,,,,,
International Whaling Commission,1,0.2581988897,,,
Whaling,2,0.5163977795,,,
Dolphin,3,0.7745966692,,,
Dolphin advocate and scientist to speak to International Whaling Commission NZ sitting on its hands,1,0.2581988897,,,
,,,,,
Whale Slaughter,3,0.5222329679,,,
Denounce #Japan for Whale Slaughter,1,0.174077656,,,
Whale,1,0.174077656,,,
#AnimalRights,3,0.5222329679,,,
#Japan for Whale Slaughter,2,0.3481553119,,,
#Japan,3,0.5222329679,,,
,,,,,
Japanese whaling caught in a tight spot,1,0.3015113446,,,
Japanese whaling caught,1,0.3015113446,,,
Japanese whaling,3,0.9045340337,,,
,,,,,
Whale Whaling Trade,1,0.7071067812,,,
Whaling Trade,1,0.7071067812,,,
,,,,,
wanna go whaling one day,,,,,
whale,,,,,
whaling,1,0.4472135955,,,
I just wanna harpoon a whale,,,,,
harpoon,1,0.4472135955,,,
,,,,,
Whaling,1,0.316227766,,,
Whaling ship,2,0.632455532,,,
Whaling ship sets sail on new mission,2,0.632455532,,,
Whaling ship sets sail,1,0.316227766,,,
,,,,,
Activists,1,0.2182178902,,,
whaling,1,0.2182178902,,,
Japanese whaling town,1,0.2182178902,,,
Activists sue Japanese whaling town,1,0.2182178902,,,
Japanese whaling,1,0.2182178902,,,
,,,,,
Japan whaling town sued by dolphin activists,3,0.5388159061,,,
sued,1,0.179605302,,,
dolphin,2,0.3592106041,,,
dolphin activists,1,0.179605302,,,
Japan whaling,4,0.7184212081,,,
,,,,,
Whaling,3,0.8320502943,,,
Candidates Feel The Heat On Whaling,2,0.5547001962,,,
,,,,,
sued,1,0.1622214211,,,
dolphin activists,1,0.1622214211,,,
Japan whaling,5,0.8111071057,,,
Japan whaling town sued,1,0.1622214211,,,
dolphin,3,0.4866642634,,,
Japan,1,0.1622214211,,,
,,,,,
Japan whaling town sued by dolphin activists,1,0.1386750491,,,
dolphin,5,0.6933752453,,,
Japan whaling,5,0.6933752453,,,
Japan whaling town sued,1,0.1386750491,,,
,,,,,
Japan whaling town sued by dolphin activists,1,0.1889822365,,,
dolphin,1,0.1889822365,,,
dolphin activists,1,0.1889822365,,,
Japan whaling,5,0.9449111825,,,
,,,,,
"whaling,",2,0.894427191,,,
Sea Shepherd,1,0.4472135955,,,
,,,,,
Whaling,1,0.4472135955,,,
Whaling Nations,2,0.894427191,,,
,,,,,
#Lebroning,1,0.4472135955,,,
#Whaling:,2,0.894427191,,,
,,,,,
Vine Internet Craze! #YEET #Lebroning #Whaling:,1,1,,,
,,,,,
Japan whaling town sued by dolphin activists,2,0.4850712501,,,
dolphin,1,0.242535625,,,
dolphin activists,1,0.242535625,,,
Japan whaling,3,0.7276068751,,,
town sued by dolphin activists,1,0.242535625,,,
Japan whaling town,1,0.242535625,,,
,,,,,
whaling,1,0.7071067812,,,
whaling ship,1,0.7071067812,,,
,,,,,
Restored whaling ship,1,0.3535533906,,,
whaling ship,1,0.3535533906,,,
whaling ship prepares,1,0.3535533906,,,
"whaling ship prepares to set sail,",2,0.7071067812,,,
"Restored whaling ship prepares to set sail,",1,0.3535533906,,,
,,,,,
add pressure to take Japanese whaling ships off the roster of insurables soon?,1,0.2581988897,,,
Japanese whaling ships,3,0.7745966692,,,
take Japanese whaling ships off the roster of insurables,1,0.2581988897,,,
Japanese whaling,2,0.5163977795,,,
,,,,,
"Japan starts ""research whaling"" in northwestern Pacific Ocean",1,0.1924500897,,,
"Japan starts ""research whaling""",1,0.1924500897,,,
"whaling""",3,0.5773502692,,,
Japan,4,0.7698003589,,,
,,,,,
Restorted American whaling ship,1,0.7071067812,,,
whaling ship,1,0.7071067812,,,
,,,,,
"#Japan starts ""research whaling""",2,0.5547001962,,,
"""research whaling""",2,0.5547001962,,,
"whaling""",1,0.2773500981,,,
#Japan,2,0.5547001962,,,
,,,,,
whaling ships,,,,,
,,,,,
#Whaling:,2,1,,,
,,,,,
#Whaling:,2,1,,,
,,,,,
whaling,1,0.7071067812,,,
American whaling ship,1,0.7071067812,,,
,,,,,
Whaling,2,0.894427191,,,
Giant Lizards Whaling on,1,0.4472135955,,,
,,,,,
whaling,1,0.7071067812,,,
"whaling ship,",1,0.7071067812,,,
,,,,,
dolphin activists,2,0.5345224838,,,
Whaling,2,0.5345224838,,,
Whaling town sued,2,0.5345224838,,,
dolphin,1,0.2672612419,,,
Whaling town,1,0.2672612419,,,
,,,,,
Activists sue Japanese whaling town,3,0.5883484054,,,
Activists sue Japanese whaling town3News,2,0.3922322703,,,
Japanese whaling,2,0.3922322703,,,
,,,,,
#Whaling,2,1,,,
,,,,,
#Whaling,2,1,,,
,,,,,
"""YEET"" Compilation",1,0.4472135955,,,
#Whaling:,2,0.894427191,,,
,,,,,
"whaling,",2,1,,,
,,,,,
WHALING,2,1,,,
,,,,,
Japan Ordered To Suspend Controversial Whaling Program,2,0.3333333333,,,
Suspend,2,0.3333333333,,,
Whaling,2,0.3333333333,,,
Whaling Program,2,0.3333333333,,,
whales!,2,0.3333333333,,,
Japan,4,0.6666666667,,,
,,,,,
whaling,2,0.894427191,,,
whaling ship,1,0.4472135955,,,
,,,,,
whaling:,1,1,,,
,,,,,
#WhaleWatching,1,1,,,
,,,,,
@WHALES_org:,1,0.3333333333,,,
#WhaleWatching,2,0.6666666667,,,
#whaling,2,0.6666666667,,,
,,,,,
whaling,,,,,
,,,,,
"A 19th-century whaling ship,",1,0.5773502692,,,
whaling,1,0.5773502692,,,
sets sail,1,0.5773502692,,,
,,,,,
support whaling,1,0.2236067977,,,
Japan used ###30 million of their Tsunami relief funds to support whaling,1,0.2236067977,,,
whaling,3,0.6708203932,,,
Japan,3,0.6708203932,,,
,,,,,
"#Japan are at it again, starts ""research whaling""",1,0.2294157339,,,
"whaling""",3,0.6882472016,,,
#Japan,3,0.6882472016,,,
,,,,,
"""research whaling""",1,0.1666666667,,,
"whaling""",3,0.5,,,
#Japan,5,0.8333333333,,,
"starts ""research whaling"" in northwestern",1,0.1666666667,,,
,,,,,
Japanese whaling:,5,0.9805806757,,,
International Court of Justice rules on Japanese whaling:,1,0.1961161351,,,
,,,,,
Whaling,4,0.9701425001,,,
#AnimalRights Whaling,1,0.242535625,,,
,,,,,
Whaling,5,1,,,
,,,,,
whaling,1,1,,,
,,,,,
White Whale that Destroyed Over 20 Whaling Ships,1,0.2773500981,,,
Whale,1,0.2773500981,,,
Whaling,3,0.8320502943,,,
White Whale,1,0.2773500981,,,
Destroyed,1,0.2773500981,,,
,,,,,
whaling,3,0.8660254038,,,
lanthanum,1,0.2886751346,,,
thievish,1,0.2886751346,,,
Tarpon whaling,1,0.2886751346,,,
,,,,,
Whaling,4,0.755928946,,,
Japan Tsunami Funds Aid Whaling Fleet,1,0.1889822365,,,
Funds,1,0.1889822365,,,
Japan,3,0.5669467095,,,
Whaling Fleet,1,0.1889822365,,,
,,,,,
whaling,2,0.894427191,,,
whale watching trumps whaling,1,0.4472135955,,,
,,,,,
whaling,1,1,,,
,,,,,
Japan accepts,1,0.1458649915,,,
whaling,1,0.1458649915,,,
Antarctic whaling,4,0.583459966,,,
Japan,5,0.7293249575,,,
ban on Antarctic whaling,2,0.291729983,,,
,,,,,
Whaling,3,1,,,
,,,,,
Whale Slaughter,5,0.635000635,,,
Whale,1,0.127000127,,,
Japan,6,0.762000762,,,
,,,,,
#Whaling,2,1,,,
,,,,,
whaling,1,1,,,
,,,,,
"whaling,",1,1,,,
,,,,,
Whaling,3,1,,,
,,,,,
Japan strikes back on whaling,2,0.3333333333,,,
whaling,4,0.6666666667,,,
Japan,4,0.6666666667,,,
,,,,,
Japan whaling town sued by dolphin activists,2,0.4588314677,,,
Japan whaling,3,0.6882472016,,,
Japan whaling town sued,1,0.2294157339,,,
dolphin,2,0.4588314677,,,
Japan,1,0.2294157339,,,
,,,,,
Whaling,1,1,,,
,,,,,
whale,1,0.7071067812,,,
#Whaling,1,0.7071067812,,,
,,,,,
North,,,,,
,,,,,
Japan's,,,,,
whaling,3,0.5144957554,,,
Japan's scientific whaling,,,,,
,,,,,
whaling,1,1,,,
,,,,,
Kill Whales,1,0.5,,,
Didn't,1,0.5,,,
Whaling,1,0.5,,,
Captain,1,0.5,,,
,,,,,
whaling,2,1,,,
,,,,,
whaling,1,1,,,
,,,,,
Whaling,1,1,,,
,,,,,
Norwegian Whaling,1,0.7071067812,,,
Whaling,1,0.7071067812,,,
,,,,,
#Norway #Whales #Whaling,1,1,,,
,,,,,
#Whaling:,2,1,,,
,,,,,
#Whaling:,2,0.894427191,,,
#Lebroning #Whaling:,,,,,
,,,,,
Kill Whales,1,0.7071067812,,,
Whaling,1,0.7071067812,,,
,,,,,
Whaling Slaughter,1,0.4472135955,,,
"Whaling Slaughter Tallied at 3M,",2,0.894427191,,,
,,,,,
help end whaling,1,0.4082482905,,,
whale,2,0.8164965809,,,
whaling,1,0.4082482905,,,
,,,,,
National Anthems of Great Current Whaling Nations,1,1,,,
,,,,,
#whaling wiped out,1,0.3535533906,,,
Commercial #whaling,2,0.7071067812,,,
3 million,1,0.3535533906,,,
#whaling,1,0.3535533906,,,
#whaling wiped out almost 3 million animals,1,0.3535533906,,,
,,,,,
Whaling,1,0.7071067812,,,
National Anthems of Great Current Whaling Nations,1,0.7071067812,,,
,,,,,
Denmark is Pro Whaling,1,0.4082482905,,,
Whaling,2,0.8164965809,,,
they support Faroe's Grindadrap,,,,,
,,,,,
Whale,2,0.6030226892,,,
Whale Steak,1,0.3015113446,,,
Whale Steak &amp; Whale in Red Wine,1,0.3015113446,,,
#whaling,2,0.6030226892,,,
,,,,,
Whaling,1,0.4472135955,,,
National Anthems of Great Current Whaling Nations,1,0.4472135955,,,
#Tweet4Taiji #thecove #seashepherd,1,0.4472135955,,,
Current Whaling Nations,1,0.4472135955,,,
Whaling Nations,1,0.4472135955,,,
,,,,,
whale watch industry is vital for ending whaling,,,,,
whale,1,0.2773500981,,,
whaling,,,,,
Why supporting Iceland's whale watch industry is vital for ending,1,0.2773500981,,,
@WHALES_org:,1,0.2773500981,,,
,,,,,
"The whaling industry killed nearly 3 million for their oil,",1,0.377964473,,,
whaling,2,0.755928946,,,
million,1,0.377964473,,,
whaling industry,1,0.377964473,,,
,,,,,
#Tweet4Taiji #ShutTaijiDown #tweet4dolphins #opkillingbay #seashepherd,1,0.316227766,,,
whaling,2,0.632455532,,,
Support for whaling,1,0.316227766,,,
Support for whaling is on the rise_dot_,1,0.316227766,,,
on the rise_dot_,1,0.316227766,,,
#tweet4dolphins,1,0.316227766,,,
#Tweet4Taiji #ShutTaijiDown,1,0.316227766,,,
,,,,,
Whaling,2,0.894427191,,,
Pro Whaling,1,0.4472135955,,,
,,,,,
whaling,4,0.9428090416,,,
many won't visit due to whaling tradition,,,,,
whaling tradition,1,0.2357022604,,,
,,,,,
Commercial #whaling wiped,1,0.377964473,,,
3 million animals,1,0.377964473,,,
#whaling,2,0.755928946,,,
Commercial #whaling,1,0.377964473,,,
,,,,,
"#Japan needs to stop killing #Whales_dot_
The",1,0.2,,,
"killing #Whales_dot_
The",1,0.2,,,
Big Lie Behind Japanese Whaling,1,0.2,,,
"#Whales_dot_
The Big Lie Behind Japanese Whaling",1,0.2,,,
#Japan,2,0.4,,,
#Japan needs to stop killing,2,0.4,,,
"#Whales_dot_
The",2,0.4,,,
Japanese Whaling,3,0.6,,,
,,,,,
Whaling,1,1,,,
,,,,,
commercial whaling in the last century,1,0.2236067977,,,
Nearly 3 million whales were killed by commercial whaling,1,0.2236067977,,,
@SeaShepherd_USA:,1,0.2236067977,,,
commercial whaling,1,0.2236067977,,,
whaling,3,0.6708203932,,,
Nearly 3 million whales were killed by commercial whaling in the last century,1,0.2236067977,,,
million whales,1,0.2236067977,,,
killed,1,0.2236067977,,,
whales,2,0.4472135955,,,
,,,,,
#thecove,1,0.3535533906,,,
Current Whaling Nations,1,0.3535533906,,,
Whaling Nations,1,0.3535533906,,,
Whaling,2,0.7071067812,,,
#SeaShepherd,1,0.3535533906,,,
,,,,,
whaling,1,0.7071067812,,,
"With 23 whaling bays, not difficult for tourists to find themselves witness to Faroe Grind #BloodEclipse",1,0.7071067812,,,
,,,,,
Pro-Whaling_dot_,2,1,,,
,,,,,
Tell Japan:,1,0.2886751346,,,
Japan: End Illegal Antarctic Whaling,1,0.2886751346,,,
Whaling,2,0.5773502692,,,
Tell Japan: End Illegal Antarctic Whaling,1,0.2886751346,,,
End Illegal Antarctic Whaling Today!,1,0.2886751346,,,
Japan:,2,0.5773502692,,,
,,,,,
whaling,1,0.5,,,
whalers,1,0.5,,,
ïŽ¶We're whalers,,,,,
we carry a harpoon_dot_,1,0.5,,,
,,,,,
whaling,1,1,,,
,,,,,
Pro-Whaling_dot_,1,0.7071067812,,,
Denmark is Pro-Whaling_dot_,1,0.7071067812,,,
,,,,,
whaling,2,1,,,
,,,,,
whaling,1,0.7071067812,,,
"against Faroes outdated, cruel whaling tradition?",1,0.7071067812,,,
,,,,,
Whaling,2,1,,,
,,,,,
whaling?,1,1,,,
,,,,,
Whaling,1,1,,,
,,,,,
End whaling,1,0.174077656,,,
whaling,2,0.3481553119,,,
End whaling and the dolphin hunt now_dot_,1,0.174077656,,,
dolphin hunt,1,0.174077656,,,
End whaling and the dolphin,1,0.174077656,,,
Japan,5,0.8703882798,,,
,,,,,
Whaling,1,1,,,
,,,,,
"""Dolphin",2,0.4364357805,,,
"""Dolphin is more important than pet animals""
""Dolphin is my family""
Japanese cannot understand anti-whaling-men_dot_#tweet4ta",,,,,
"animals""
""Dolphin",1,0.2182178902,,,
"family""
Japanese cannot understand anti-whaling-men_dot_#tweet4ta",,,,,
"family""
Japanese",1,0.2182178902,,,
"""Dolphin is more important",1,0.2182178902,,,
anti-whaling-men_dot_#tweet4ta,,,,,
,,,,,
#AnimalRights,1,0.2236067977,,,
Japanese Whaling Fleet use _tag_30 MILLION,1,0.2236067977,,,
How dare the Japanese Whaling Fleet use _tag_30 MILLION from Donations from Tsunami,1,0.2236067977,,,
Japanese Whaling Fleet,4,0.894427191,,,
Japanese Whaling,1,0.2236067977,,,
,,,,,
Whaling,2,1,,,
,,,,,
whaling,2,0.8164965809,,,
Humans Killed Nearly 3 Million Whales,1,0.4082482905,,,
Whales,1,0.4082482905,,,
,,,,,
Real Men Don't Whale,1,0.3015113446,,,
history,1,0.3015113446,,,
whaling,2,0.6030226892,,,
making whaling ancient history,2,0.6030226892,,,
#SeaShepherd,1,0.3015113446,,,
,,,,,
#whaling,5,0.9805806757,,,
Commercial #whaling wiped out almost 3 million animals,1,0.1961161351,,,
,,,,,
"whaling,",3,1,,,
,,,,,
Whaling,1,1,,,
,,,,,
whaling,1,1,,,
,,,,,
"#Japan needs to stop killing #Whales_dot_
The",3,0.5773502692,,,
"#Whales_dot_
The",3,0.5773502692,,,
stop killing,1,0.1924500897,,,
#Japan,2,0.3849001795,,,
Japanese Whaling,2,0.3849001795,,,
,,,,,
industrial whaling,2,0.8164965809,,,
whaling,1,0.4082482905,,,
industrial whaling has finally been quantified:,1,0.4082482905,,,
,,,,,
help end whaling,2,0.894427191,,,
end whaling,1,0.4472135955,,,
,,,,,
Whaling,3,1,,,
,,,,,
Makah Whaling,1,0.3333333333,,,
Whaling,1,0.3333333333,,,
Whales Must Be Protected,1,0.3333333333,,,
U_dot_S_dot_ Waters_dot_,1,0.3333333333,,,
Whales,2,0.6666666667,,,
Protected,1,0.3333333333,,,
,,,,,
National Anthems of Great Whaling Nations Japan,1,0.2,,,
Whaling,2,0.4,,,
Japan,4,0.8,,,
Great Whaling Nations,2,0.4,,,
,,,,,
whaling ships,1,1,,,
,,,,,
whaling,1,1,,,
,,,,,
whaling,2,0.4,,,
whaling program,2,0.4,,,
Japan,4,0.8,,,
Japan expanding controversial whaling program,1,0.2,,,
,,,,,
whaling,1,0.5773502692,,,
Worldâ€™s whaling,1,0.5773502692,,,
Worldâ€™s whaling slaughter,1,0.5773502692,,,
,,,,,
witness,1,0.3015113446,,,
Faroes Grind,1,0.3015113446,,,
"23 whaling bays,",2,0.6030226892,,,
tourists,1,0.3015113446,,,
"whaling bays,",2,0.6030226892,,,
,,,,,
whaling,1,1,,,
,,,,,
Whales Must Be Protected in U_dot_S_dot_ Waters,1,0.2886751346,,,
Whaling,3,0.8660254038,,,
Makah Whaling â€“ Whales Must Be Protected in U_dot_S_dot_ Waters,1,0.2886751346,,,
Whales,1,0.2886751346,,,
,,,,,
#Tweet4Taiji,1,0.2773500981,,,
Whaling,1,0.2773500981,,,
Whaling Nations,3,0.8320502943,,,
#SeaShepherd,1,0.2773500981,,,
#thecove,1,0.2773500981,,,
,,,,,
"#seafood,",1,0.242535625,,,
#whaling,4,0.9701425001,,,
,,,,,
whaling,2,0.5773502692,,,
Million Whales,1,0.2886751346,,,
International whaling bans,1,0.2886751346,,,
Killed Nearly 3 Million Whales,2,0.5773502692,,,
Killed,1,0.2886751346,,,
Whales,1,0.2886751346,,,
,,,,,
mating waters of,1,0.5773502692,,,
humpback whales?,1,0.5773502692,,,
"resumed illegally around Maui,",1,0.5773502692,,,
,,,,,
#BloodEclipse,1,0.2294157339,,,
whaling,4,0.9176629355,,,
cruel,1,0.2294157339,,,
cruel whaling,1,0.2294157339,,,
,,,,,
International Whaling Commission,2,0.6030226892,,,
Whaling Commission,1,0.3015113446,,,
whale,2,0.6030226892,,,
Whaling,1,0.3015113446,,,
role-playing the International Whaling Commission,1,0.3015113446,,,
,,,,,
whaling,2,1,,,
,,,,,
Killed Nearly,1,0.25,,,
whaling,2,0.5,,,
International whaling bans,1,0.25,,,
Humans Killed Nearly 3 Million Whales,2,0.5,,,
Nearly 3 Million Whales,1,0.25,,,
Whales,2,0.5,,,
Killed,1,0.25,,,
,,,,,
the still-active volcano of Deception Island has a dangerous whaling past_dot_,1,0.7071067812,,,
whaling,1,0.7071067812,,,
,,,,,
"whaling,",1,1,,,
,,,,,
whaling,1,0.7071067812,,,
"When will Denmark take a stand against Faroes outdated, cruel whaling tradition?",1,0.7071067812,,,
,,,,,
whaling,4,1,,,
,,,,,
Whaling,3,0.9486832981,,,
National Anthems of Great Current Whaling Nations,1,0.316227766,,,
,,,,,
Makah Whaling,1,0.2236067977,,,
Whaling,3,0.6708203932,,,
Whales Must Be Protected,1,0.2236067977,,,
Whales,3,0.6708203932,,,
,,,,,
whaling,1,0.7071067812,,,
"With 23 whaling bays, not difficult for tourists to find themselves witness to Faroe Grind",1,0.7071067812,,,
,,,,,
Whaling,1,0.4472135955,,,
National Anthems of Great Current Whaling Nations,1,0.4472135955,,,
#Tweet4Taiji #thecove #seashepherd,1,0.4472135955,,,
Current Whaling Nations,1,0.4472135955,,,
Whaling Nations,1,0.4472135955,,,
,,,,,
WHALING?,4,0.9701425001,,,
Â¿QuÃ© es el WHALING?,1,0.242535625,,,
,,,,,
"""Whaling in Japan",,,,,
Whaling,,,,,
Japan,3,0.6396021491,,,
,,,,,
whaling,1,0.4472135955,,,
whaling_dot_,2,0.894427191,,,
,,,,,
Whaling,2,0.894427191,,,
Whaling Museum,1,0.4472135955,,,
,,,,,
#whaling,2,1,,,
,,,,,
end whaling,1,0.2886751346,,,
whale,1,0.2886751346,,,
whaling,3,0.8660254038,,,
whale watching,1,0.2886751346,,,
,,,,,
whaling,2,0.6666666667,,,
Nearly 3 million whales were killed by commercial whaling in the last century,1,0.3333333333,,,
were killed by commercial whaling,1,0.3333333333,,,
Nearly 3 million whales were killed by commercial whaling,1,0.3333333333,,,
3 million,1,0.3333333333,,,
commercial whaling,1,0.3333333333,,,
,,,,,
"whaling,",1,0.7071067812,,,
"If people aware of Faroe whaling, would they visit? #BloodEclipse",1,0.7071067812,,,
,,,,,
Japan: End Illegal Antarctic Whaling,1,0.2182178902,,,
Whaling,3,0.6546536707,,,
End Illegal Antarctic Whaling Today!,1,0.2182178902,,,
Illegal Antarctic Whaling,1,0.2182178902,,,
Japan:,3,0.6546536707,,,
,,,,,
whaling,1,0.377964473,,,
International whaling bans,1,0.377964473,,,
Humans Killed Nearly 3 Million Whales in the 20th Century:,2,0.755928946,,,
Whales,1,0.377964473,,,
,,,,,
whaling,3,0.8320502943,,,
Support,1,0.2773500981,,,
Support for whaling,1,0.2773500981,,,
Support for whaling is on the rise_dot_,1,0.2773500981,,,
for whaling,1,0.2773500981,,,
,,,,,
whaling,2,0.632455532,,,
Humans Killed,1,0.316227766,,,
Humans Killed Nearly 3 Million Whales,1,0.316227766,,,
International whaling,1,0.316227766,,,
whaling bans,1,0.316227766,,,
Killed,1,0.316227766,,,
Whales,1,0.316227766,,,
,,,,,
Japan's,3,0.6882472016,,,
whaling,1,0.2294157339,,,
whaling program,2,0.4588314677,,,
Struggle to rein in Japan's plans,1,0.2294157339,,,
Struggle to rein in Japan's plans for a new 'scientific' whaling program,2,0.4588314677,,,
,,,,,
WHALING!,2,0.8164965809,,,
If you eat other's meat YOU ARE A MURDERING SCUM CANNIBAL! END WHALING!,1,0.4082482905,,,
END WHALING!,1,0.4082482905,,,
,,,,,
whaling slaughter,2,0.4850712501,,,
whaling,2,0.4850712501,,,
#WhalingIsBullshit Worldâ€™s whaling slaughter tallied #Whales #Oceans,1,0.242535625,,,
#Whales,2,0.4850712501,,,
#WhalingIsBullshit,2,0.4850712501,,,
,,,,,
#BloodEclipse,1,0.2357022604,,,
Whaling,4,0.9428090416,,,
Pro Whaling,1,0.2357022604,,,
,,,,,
Denmark is Pro Whaling as they support Faroeâ€™s Grindadrap,1,1,,,
,,,,,
Japan MUST stop whaling &amp; dolphin hunting_dot_,2,0.5163977795,,,
dolphin hunting_dot_,2,0.5163977795,,,
whaling,2,0.5163977795,,,
Japan MUST stop whaling,1,0.2581988897,,,
dolphin,1,0.2581988897,,,
Japan,1,0.2581988897,,,
,,,,,
Alaska Whale Stew,1,1,,,
,,,,,
"whaling,",1,0.7071067812,,,
"If people aware of Faroe whaling, would they visit?",1,0.7071067812,,,
,,,,,
"whaling,",1,0.7071067812,,,
"If people aware of Faroe whaling, would they visit?",1,0.7071067812,,,
,,,,,
I'm telling you_dot__dot__dot__dot_ Audible whaling_dot_,1,0.4082482905,,,
Audible whaling_dot_,1,0.4082482905,,,
whaling_dot_,2,0.8164965809,,,
,,,,,
eating whale,1,0.2041241452,,,
dolphin hunting,2,0.4082482905,,,
dolphin,1,0.2041241452,,,
Japan,2,0.4082482905,,,
whaling,2,0.4082482905,,,
whale &amp; dolphin meat_dot_,1,0.2041241452,,,
whaling &amp; dolphin hunting in Japan,3,0.6123724357,,,
,,,,,
"""Whaling""",4,1,,,
,,,,,
whaling,2,0.894427191,,,
million animals,1,0.4472135955,,,
,,,,,
"#Whales_dot_
The",3,0.5144957554,,,
Whaling,2,0.3429971703,,,
"stop killing #Whales_dot_
The",1,0.1714985851,,,
#Japan,2,0.3429971703,,,
Japanese Whaling,4,0.6859943406,,,
,,,,,
whaling,1,0.316227766,,,
Why don&amp;#39;t the Japanese whaling vessels,1,0.316227766,,,
Why don&amp;#39;t the Japanese whaling vessels simply ram these bunny huggers and send them to the bottom?,2,0.632455532,,,
Japanese whaling,2,0.632455532,,,
,,,,,
Denmark is Pro Whaling as they support Faroe's Grindadrap,,,,,
Pro Whaling,2,0.894427191,,,
,,,,,
International Whaling Commission,1,0.2041241452,,,
Whale,2,0.4082482905,,,
whaling,3,0.6123724357,,,
Whaling,3,0.6123724357,,,
International Whale Commission_dot_,1,0.2041241452,,,
,,,,,
"""Whaling""",4,1,,,
,,,,,
whaling,1,0.4082482905,,,
"IWC is not about sustainable hunting, but conservation_dot_",1,0.4082482905,,,
Canada is the only major whaling nation that left IWC_dot_,2,0.8164965809,,,
,,,,,
Pro-Whaling_dot_,1,0.7071067812,,,
Denmark is Pro-Whaling_dot_,1,0.7071067812,,,
,,,,,
she's whaling_dot_,1,1,,,
,,,,,
Whale Steak,1,0.5773502692,,,
in Red Wine,1,0.5773502692,,,
#whaling #thecove,1,0.5773502692,,,
,,,,,
whaling debate,1,0.5773502692,,,
whaling,1,0.5773502692,,,
Makah whaling debate,1,0.5773502692,,,
,,,,,
major,1,0.5773502692,,,
whaling nation,1,0.5773502692,,,
whaling,1,0.5773502692,,,
,,,,,
Commercial hunting,1,0.2182178902,,,
million! whales,1,0.2182178902,,,
#whales #whaling,2,0.4364357805,,,
hunting,1,0.2182178902,,,
Commercial hunting wiped out almost 3 million! whales,1,0.2182178902,,,
#whaling,3,0.6546536707,,,
whales,2,0.4364357805,,,
,,,,,
#whale-watching,1,0.3015113446,,,
rokinu_dot__dot__dot_#whaling #whale-watching,1,0.3015113446,,,
rokinu_dot__dot__dot_#whaling,3,0.9045340337,,,
,,,,,
Whaling &amp; dolphin hunting,1,0.3535533906,,,
Whaling &amp; dolphin,1,0.3535533906,,,
ended_dot_,1,0.3535533906,,,
hunting must,1,0.3535533906,,,
Whaling &amp; dolphin hunting must be ended_dot_,1,0.3535533906,,,
#Tweet4Taiji_dot_ #thecove,1,0.3535533906,,,
must,1,0.3535533906,,,
be ended_dot_,1,0.3535533906,,,
,,,,,
whaling,2,0.632455532,,,
barbaric 'scientific',1,0.316227766,,,
scientific' whaling,1,0.316227766,,,
whaling in Antarctica by the Japanese,2,0.632455532,,,
,,,,,
3 million,1,0.4472135955,,,
whaling industry,2,0.894427191,,,
,,,,,
tradition of whaling_dot_,1,0.7071067812,,,
whaling_dot_,1,0.7071067812,,,
,,,,,
#BloodEclipse,1,0.3333333333,,,
Whaling,2,0.6666666667,,,
Pro Whaling,2,0.6666666667,,,
,,,,,
i'm whaling_dot_,1,0.316227766,,,
whaling_dot_,3,0.9486832981,,,
,,,,,
"23 whaling bays,",1,0.7071067812,,,
whaling,1,0.7071067812,,,
,,,,,
#BloodEclipse,1,0.2357022604,,,
whaling,4,0.9428090416,,,
cruel whaling,1,0.2357022604,,,
,,,,,
#BloodEclipse,1,0.4082482905,,,
whaling,2,0.8164965809,,,
cruel whaling,1,0.4082482905,,,
,,,,,
slaughtered nearly 3 MILLION whales,1,0.3015113446,,,
slaughtered,1,0.3015113446,,,
whales,3,0.9045340337,,,
,,,,,
#Whaling Slaughter Tallied at 3 Million,2,0.5,,,
#Whaling Slaughter,1,0.25,,,
Slaughter Tallied at 3 Million,1,0.25,,,
#Whaling,1,0.25,,,
#whales #crueltyforprofit,3,0.75,,,
,,,,,
"whaling bays,",1,1,,,
,,,,,
#savethearctic #greenpeace,1,1,,,
,,,,,
whaling,2,0.894427191,,,
whaling tradition discourages many visitors!,1,0.4472135955,,,
,,,,,
end of whaling &amp; dolphin hunting in Japan,1,0.1961161351,,,
end,1,0.1961161351,,,
in Japan,1,0.1961161351,,,
dolphin hunting,1,0.1961161351,,,
hunting,1,0.1961161351,,,
#Tweet4Taiji,1,0.1961161351,,,
whaling &amp; dolphin hunting,1,0.1961161351,,,
Japan,3,0.5883484054,,,
Stop eating whale &amp; dolphin meat_dot_,1,0.1961161351,,,
whaling &amp; dolphin hunting in Japan,2,0.3922322703,,,
whaling,2,0.3922322703,,,
whale &amp; dolphin meat_dot_,1,0.1961161351,,,
,,,,,
Whaling Slaughter,2,0.755928946,,,
Whaling,1,0.377964473,,,
World's Whaling Slaughter,1,0.377964473,,,
World's Whaling,1,0.377964473,,,
,,,,,
"whaling bays,",1,1,,,
,,,,,
Whaling Slaughter,2,0.6030226892,,,
Whaling,1,0.3015113446,,,
World's Whaling Slaughter,1,0.3015113446,,,
World's Whaling Slaughter Tallied at 3 Million,2,0.6030226892,,,
Whaling Slaughter Tallied at 3 Million,1,0.3015113446,,,
,,,,,
whaling,3,0.7276068751,,,
stop illegal whaling,2,0.4850712501,,,
illegal whaling,2,0.4850712501,,,
,,,,,
whaling,3,0.5477225575,,,
whaling program,1,0.1825741858,,,
Japan,4,0.7302967433,,,
Japan expanding controversial whaling program,2,0.3651483717,,,
,,,,,
"regards (=^^=)
Whaling",,,,,
"regards (=^^=)
Whaling adamantly opposition",,,,,
,,,,,
whaling,2,0.3651483717,,,
stop illegal whaling,5,0.9128709292,,,
illegal whaling,1,0.1825741858,,,
,,,,,
whaling ships,1,0.2886751346,,,
seaworld secretly funds Japanese whaling ships,1,0.2886751346,,,
Japanese whaling ships,1,0.2886751346,,,
Japanese whaling,3,0.8660254038,,,
,,,,,
End whaling,3,0.4375949745,,,
End whaling and the dolphin hunt,2,0.291729983,,,
hunt now_dot_,1,0.1458649915,,,
dolphin hunt,2,0.291729983,,,
#Tweet4Taiji_dot_ #thecove,1,0.1458649915,,,
whaling and the dolphin hunt,1,0.1458649915,,,
Japan must,1,0.1458649915,,,
End whaling and the,1,0.1458649915,,,
Japan,5,0.7293249575,,,
,,,,,
whaling,1,1,,,
,,,,,
"whaling,",1,0.5,,,
"If people aware of Faroe whaling, would they visit?",1,0.5,,,
#BloodEclipse,1,0.5,,,
"Faroe whaling,",1,0.5,,,
,,,,,
But whaling tradition discourages many visitors!,1,0.7071067812,,,
whaling tradition,1,0.7071067812,,,
,,,,,
#whale meat dumped in Japan,1,0.1767766953,,,
#whaling #whales #IWC,1,0.1767766953,,,
#whale,3,0.5303300859,,,
#whale meat,2,0.3535533906,,,
#whaling,1,0.1767766953,,,
Japan,4,0.7071067812,,,
,,,,,
Whaling Nations,1,0.5,,,
National Anthems of Great Current Whaling Nations Faroe Islands,1,0.5,,,
Whaling Nations Faroe Islands,1,0.5,,,
#SeaShepherd,1,0.5,,,
,,,,,
@SeaWorld,1,0.2581988897,,,
Japanese whaling ships!!!!!!!,3,0.7745966692,,,
@SeaWorld secretly funds Japanese whaling ships!!!!!!!,1,0.2581988897,,,
Japanese whaling,2,0.5163977795,,,
,,,,,
Whaling,4,0.8728715609,,,
#seashepherd,1,0.2182178902,,,
Whaling Nations,2,0.4364357805,,,
,,,,,
"whaling bays,",1,1,,,
,,,,,
whaling,1,1,,,
,,,,,
whales killed,1,0.7071067812,,,
whales killed in largest cull,1,0.7071067812,,,
,,,,,
"whaling bays,",1,1,,,
,,,,,
whaling program #BoycottJapan,1,0.1666666667,,,
controversial whaling,2,0.3333333333,,,
Japan expanding controversial,1,0.1666666667,,,
program,1,0.1666666667,,,
whaling program,1,0.1666666667,,,
#BoycottJapan,2,0.3333333333,,,
controversial whaling program,2,0.3333333333,,,
Japan expanding controversial whaling program,2,0.3333333333,,,
Japan,4,0.6666666667,,,
,,,,,
"""Whaling""",4,1,,,
,,,,,
End whaling and the dolphin hunt now_dot_,1,0.1856953382,,,
dolphin,1,0.1856953382,,,
dolphin hunt,2,0.3713906764,,,
End whaling,2,0.3713906764,,,
whaling,1,0.1856953382,,,
now_dot_,1,0.1856953382,,,
Japan must,1,0.1856953382,,,
End whaling and the,1,0.1856953382,,,
#Tweet4Taiji_dot_ #thecove,1,0.1856953382,,,
whaling and the dolphin hunt,2,0.3713906764,,,
Japan,3,0.5570860145,,,
dolphin hunt now_dot_,1,0.1856953382,,,
,,,,,
Whales Killed by Hunting,2,0.4472135955,,,
Whales Killed,1,0.2236067977,,,
Whales,2,0.4472135955,,,
Hunting,1,0.2236067977,,,
whaling industry killed nearly 3 million,1,0.2236067977,,,
whaling industry,3,0.6708203932,,,
,,,,,
Denmark is Pro Whaling,1,0.4472135955,,,
Pro Whaling,2,0.894427191,,,
,,,,,
"Native Americans Want to Hunt #GrayWhales, Again_dot_ Do They Have the Right?",1,1,,,
,,,,,
sign Japan: End Illegal Antarctic Whaling,,,,,
Whaling,1,0.2236067977,,,
Antarctic Whaling,2,0.4472135955,,,
Please sign Japan: End Illegal Antarctic Whaling Today!,,,,,
#whales,2,0.4472135955,,,
sign Japan:,,,,,
Illegal Antarctic Whaling,2,0.4472135955,,,
sign Japan: End,,,,,
,,,,,
whaling,1,1,,,
,,,,,
animal biomass in human history was of whales,1,0.7071067812,,,
whales,1,0.7071067812,,,
,,,,,
~3 million,1,0.242535625,,,
#Hunting wiped out,1,0.242535625,,,
wiped,1,0.242535625,,,
#World's #whaling #slaughter,,,,,
#whaling,3,0.7276068751,,,
#whaling #slaughter,2,0.4850712501,,,
,,,,,
Iceland's whale watch industry is vital for ending whaling,,,,,
,,,,,
Makah Whaling â€“ Whales Must Be Protected in U_dot_S_dot_ Waters,2,0.894427191,,,
Whaling,1,0.4472135955,,,
,,,,,
#BloodEclipse,1,0.2886751346,,,
whaling,3,0.8660254038,,,
1 of only 2 places on Earth to view solar eclipse_dot__dot_Faroe,1,0.2886751346,,,
1 of only 2 places on Earth to view solar eclipse_dot__dot_Faroe Islands_dot__dot_but many wonâ€™t visit due to whaling tradition,1,0.2886751346,,,
,,,,,
Whaling,3,0.8017837257,,,
National Anthems of Great Current Whaling Nations,1,0.2672612419,,,
Whaling Nations,2,0.5345224838,,,
,,,,,
whaling,1,0.7071067812,,,
"When will Denmark take a stand against Faroes outdated, cruel whaling tradition?",1,0.7071067812,,,
,,,,,
whaling boat,1,1,,,
,,,,,
whaling,1,0.7071067812,,,
whaling filthy lucre,1,0.7071067812,,,
,,,,,
Whaling is,1,0.2357022604,,,
tradition,1,0.2357022604,,,
Whaling,4,0.9428090416,,,
,,,,,
The still-active volcano of Deception Island in #Antarctica has a dangerous whaling past_dot_,1,0.5773502692,,,
still-active volcano of Deception Island in #Antarctica has a dangerous whaling past_dot_,1,0.5773502692,,,
whaling past_dot_,1,0.5773502692,,,
,,,,,
Makah Whaling â€“ Whales Must Be Protected in U_dot_S_dot_ Waters,1,1,,,
,,,,,
"Sea,",1,0.4082482905,,,
Whaling,2,0.8164965809,,,
Whalers,1,0.4082482905,,,
,,,,,
#tweet4dolphins,2,0.5163977795,,,
Whaling,3,0.7745966692,,,
#tweet4dolphins #opkillingbay,1,0.2581988897,,,
Whaling Facts,1,0.2581988897,,,
,,,,,
scientific whaling',1,0.316227766,,,
urge Japan to end 'scientific whaling',2,0.632455532,,,
Japan to end 'scientific whaling',2,0.632455532,,,
whaling',1,0.316227766,,,
,,,,,
Whaling Slaughter,1,0.5773502692,,,
World's Whaling Slaughter,1,0.5773502692,,,
World's Whaling,1,0.5773502692,,,
,,,,,
Whales Must Be Protected in U_dot_S_dot_ Waters,1,0.377964473,,,
Whaling,1,0.377964473,,,
Whales Must Be Protected,1,0.377964473,,,
Whales,2,0.755928946,,,
,,,,,
conduct whaling fleet:,1,0.4082482905,,,
whaling,2,0.8164965809,,,
whaling fleet:,1,0.4082482905,,,
,,,,,
Whaling,1,0.4082482905,,,
#RacingExtinction,1,0.4082482905,,,
World's Whaling Slaughter Tallied at 3 Million,2,0.8164965809,,,
,,,,,
I volunteered with ORCA in Boston &amp; now I'm all for whaling_dot_,1,0.316227766,,,
whaling_dot_,3,0.9486832981,,,
,,,,,
whaling,1,0.4472135955,,,
whaling museum,2,0.894427191,,,
,,,,,
whaling tradition discourages many visitors!,1,1,,,
,,,,,
3 million animals were wiped out,1,0.377964473,,,
whale,2,0.755928946,,,
whale hunting,1,0.377964473,,,
commercial whale hunting,1,0.377964473,,,
,,,,,
Whaling in AmericaEric,1,0.7071067812,,,
History of Whaling,1,0.7071067812,,,
,,,,,
Japan's,5,0.6681531048,,,
Japan's 'Scientific' Whaling: NOT FOR PURPOSES OF SCIENTIFIC RESEARCH,1,0.133630621,,,
Japan's 'Scientific' Whaling:,2,0.2672612419,,,
Japan's 'Scientific' Whaling: NOT FOR PURPOSES OF SCIENTIFIC RESEARCH (IJC Ruled),1,0.133630621,,,
Whaling:,5,0.6681531048,,,
,,,,,
whaling,1,1,,,
,,,,,
Denmark is Pro Whaling,1,0.316227766,,,
Whaling,2,0.632455532,,,
Denmark is,1,0.316227766,,,
Pro Whaling,2,0.632455532,,,
,,,,,
Commercial #whaling wiped out almost 3 million,1,0.7071067812,,,
#whaling,1,0.7071067812,,,
,,,,,
"#Whales_dot_
The",2,0.2857142857,,,
"#Japan needs to stop killing #Whales_dot_
The",1,0.1428571429,,,
"stop killing #Whales_dot_
The",1,0.1428571429,,,
"killing #Whales_dot_
The",1,0.1428571429,,,
#Japan,4,0.5714285714,,,
#Japan needs to stop killing,1,0.1428571429,,,
Japanese Whaling,5,0.7142857143,,,
,,,,,
#whaling wiped out almost 3 million animals in the 20th century:,1,0.7071067812,,,
Commercial #whaling,1,0.7071067812,,,
,,,,,
whaling_dot_ #BloodEclipse,1,0.4082482905,,,
whaling_dot_,2,0.8164965809,,,
tradition of,1,0.4082482905,,,
,,,,,
tainted,1,0.7071067812,,,
tradition of whaling_dot_ #BloodEclipse,1,0.7071067812,,,
,,,,,
#Tweet4Taiji,1,0.242535625,,,
"Although I am the biggest whaling nation on earth,",1,0.242535625,,,
focus on Japan_dot_,1,0.242535625,,,
"Although I am the biggest whaling nation on earth, (%33 of total catches) it's great you focus on Japan_dot_",1,0.242535625,,,
whaling,2,0.4850712501,,,
Japan_dot_,3,0.7276068751,,,
,,,,,
Japan MUST stop whaling &amp; dolphin hunting_dot_,3,0.4330127019,,,
#Tweet4Taiji,1,0.1443375673,,,
whaling &amp; dolphin hunting_dot_,1,0.1443375673,,,
dolphin hunting_dot_ Japan,1,0.1443375673,,,
whaling,4,0.5773502692,,,
Japan,4,0.5773502692,,,
dolphin hunting_dot_,2,0.2886751346,,,
,,,,,
whaling boat_dot_,1,0.5,,,
use_dot_,1,0.5,,,
whaling,1,0.5,,,
no longer,1,0.5,,,
,,,,,
whaling,3,0.9486832981,,,
business_dot_,1,0.316227766,,,
,,,,,
whaling,1,1,,,
,,,,,
Whaling,2,1,,,
,,,,,
"#Japan needs to stop killing #Whales_dot_
The",2,0.3015113446,,,
"killing #Whales_dot_
The",2,0.3015113446,,,
Big Lie Behind Japanese Whaling,1,0.1507556723,,,
#Japan,4,0.6030226892,,,
"#Whales_dot_
The",3,0.4522670169,,,
stop killing,1,0.1507556723,,,
Japanese Whaling,3,0.4522670169,,,
,,,,,
whaling,1,1,,,
,,,,,
SS is protesting whaling as business_dot_,1,0.7071067812,,,
protesting whaling,1,0.7071067812,,,
,,,,,
#BoycottJapan #Tweet4Taiji,1,0.1414213562,,,
whaling,3,0.4242640687,,,
whaling program,1,0.1414213562,,,
controversial whaling,2,0.2828427125,,,
#BoycottJapan,1,0.1414213562,,,
Japan expanding controversial whaling program,3,0.4242640687,,,
Japan,5,0.7071067812,,,
,,,,,
#Tweet4Taiji,1,1,,,
,,,,,
End whaling,2,0.2519763153,,,
whaling,4,0.5039526307,,,
End whaling and the dolphin hunt now_dot_,1,0.1259881577,,,
dolphin,1,0.1259881577,,,
dolphin hunt,2,0.2519763153,,,
Japan,6,0.755928946,,,
#Tweet4Taiji_dot_,1,0.1259881577,,,
,,,,,
Whaling,3,1,,,
,,,,,
Pro-Whaling_dot_,1,1,,,
,,,,,
#BloodEclipse,1,0.5773502692,,,
whaling,1,0.5773502692,,,
"With 23 whaling bays, not difficult for tourists to find themselves witness to Faroe Grind",1,0.5773502692,,,
,,,,,
#Tweet4Taiji,1,1,,,
,,,,,
fund Japanese whaling ships?,2,0.632455532,,,
whaling,1,0.316227766,,,
Japanese whaling ships?,2,0.632455532,,,
Japanese whaling,1,0.316227766,,,
,,,,,
Whaling,1,1,,,
,,,,,
Whaling Nations,1,1,,,
,,,,,
3 million whales,2,0.4472135955,,,
commercial whaling_dot_,3,0.6708203932,,,
whaling_dot_,1,0.2236067977,,,
3 million whales were killed,1,0.2236067977,,,
whales were killed,1,0.2236067977,,,
killed,2,0.4472135955,,,
,,,,,
"The ""Southern Ocean Whale Sanctuary"" is an area designated as a ""no hunt zone""",1,0.4472135955,,,
Whale,1,0.4472135955,,,
whaling,1,0.4472135955,,,
ONLY AFTER the IWC whaling,1,0.4472135955,,,
moratorium is lifted_dot_,1,0.4472135955,,,
,,,,,
whaling slaughter,1,1,,,
,,,,,
#Tweet4Taiji,1,0.2672612419,,,
#opkillingbay,1,0.2672612419,,,
allow whaling_dot_,2,0.5345224838,,,
#tweet4dolphins,2,0.5345224838,,,
whaling_dot_,2,0.5345224838,,,
,,,,,
#BloodEclipse,1,0.4082482905,,,
whaling,2,0.8164965809,,,
whaling Tradition_dot_,1,0.4082482905,,,
,,,,,
whaling,2,0.894427191,,,
cruel whaling,1,0.4472135955,,,
,,,,,
#Whaling,,,,,
largest cull of any animal in human history_dot_,1,0.4472135955,,,
#Whaling slaughter,,,,,
#Whaling slaughter tallied via @nature_dot_,,,,,
#Whaling slaughter tallied,,,,,
,,,,,
"#Japan needs to stop killing #Whales_dot_
The",2,0.2800560168,,,
"stop killing #Whales_dot_
The",1,0.1400280084,,,
"#Whales_dot_
The",1,0.1400280084,,,
#Japan,5,0.700140042,,,
"killing #Whales_dot_
The",2,0.2800560168,,,
Japanese Whaling,4,0.5601120336,,,
,,,,,
whaling,1,0.4082482905,,,
3 million whales were killed by commercial whaling,1,0.4082482905,,,
whales,2,0.8164965809,,,
,,,,,
whaling,1,1,,,
,,,,,
whaling,2,0.6666666667,,,
stop illegal whaling,2,0.6666666667,,,
illegal whaling,1,0.3333333333,,,
,,,,,
whaling,4,0.7698003589,,,
whaling program,1,0.1924500897,,,
#BoycottJapan,1,0.1924500897,,,
Japan,3,0.5773502692,,,
,,,,,
slaughtered nearly 3 MILLION whales,1,0.2672612419,,,
slaughtered,2,0.5345224838,,,
Humans slaughtered,1,0.2672612419,,,
MILLION whales,2,0.5345224838,,,
whales,2,0.5345224838,,,
,,,,,
tall tales,1,0.242535625,,,
whaling,2,0.4850712501,,,
harpoon_dot_,2,0.4850712501,,,
whalers,2,0.4850712501,,,
whales,2,0.4850712501,,,
,,,,,
Whaling,1,1,,,
,,,,,
whaling,5,1,,,
,,,,,
"23 whaling bays,",1,0.242535625,,,
whaling,4,0.9701425001,,,
,,,,,
"""Southern Ocean Whale Sanctuary""",1,0.377964473,,,
"""no hunt zone""",2,0.755928946,,,
"Whale Sanctuary""",1,0.377964473,,,
area designated,1,0.377964473,,,
,,,,,
scientific whaling',1,0.1924500897,,,
urge Japan to end 'scientific whaling',2,0.3849001795,,,
Japan to end 'scientific whaling',3,0.5773502692,,,
whaling',2,0.3849001795,,,
Japan,3,0.5773502692,,,
,,,,,
Japan misused tsunami funds,1,0.2581988897,,,
whaling fleet,1,0.2581988897,,,
arm whaling fleet,2,0.5163977795,,,
whaling,1,0.2581988897,,,
arm whaling fleet #BoycottJapan,1,0.2581988897,,,
Japan misused,1,0.2581988897,,,
@SenAlexander Japan misused tsunami funds,1,0.2581988897,,,
Japan misused tsunami funds to arm whaling fleet,1,0.2581988897,,,
Japan,2,0.5163977795,,,
,,,,,
Whaling,4,0.8528028654,,,
Tell Japan: End Illegal Antarctic Whaling,1,0.2132007164,,,
Illegal Antarctic Whaling,1,0.2132007164,,,
Japan:,2,0.4264014327,,,
,,,,,
Japan MUST stop whaling &amp; dolphin hunting_dot_,3,0.5477225575,,,
dolphin hunting_dot_,2,0.3651483717,,,
dolphin hunting_dot_ Japan,1,0.1825741858,,,
whaling,2,0.3651483717,,,
stop whaling,1,0.1825741858,,,
Japan MUST stop whaling,1,0.1825741858,,,
dolphin hunting_dot_ Japan MUST increase Australian pork imports_dot_,1,0.1825741858,,,
Japan,3,0.5477225575,,,
,,,,,
whaling*,4,1,,,
,,,,,
3 million whales have been killed by whaling,1,0.1889822365,,,
3 million whales,1,0.1889822365,,,
million whales have been killed by whaling,1,0.1889822365,,,
whaling,4,0.755928946,,,
million whales,1,0.1889822365,,,
killed,2,0.377964473,,,
whales,2,0.377964473,,,
,,,,,
whaling tradition discourages,1,0.7071067812,,,
whaling tradition,1,0.7071067812,,,
,,,,,
whileïŒ,,,,,
ï‡¯ï‡µJapan increased,,,,,
ï‡¯ï‡µJapan,,,,,
,,,,,
@SeaShepherd_USA,1,1,,,
,,,,,
Japan's,,,,,
IWC,1,0.316227766,,,
whaling,1,0.316227766,,,
Demand the IWC stands firm against Japan's attempts to continue whaling,,,,,
Japan's attempts to continue whaling,,,,,
attempts to continue whaling,1,0.316227766,,,
against Japan's,,,,,
,,,,,
Whaling Slaughter,1,0.4082482905,,,
3 Million,2,0.8164965809,,,
World's Whaling Slaughter Tallied,1,0.4082482905,,,
,,,,,
Pro-Whaling_dot_,1,1,,,
,,,,,
end,1,0.2581988897,,,
Whaling,2,0.5163977795,,,
Pro Whaling,2,0.5163977795,,,
now!,1,0.2581988897,,,
Denmark,2,0.5163977795,,,
support Faroe's Grindadrap!,,,,,
,,,,,
"whaling bays,",2,0.8164965809,,,
whaling,1,0.4082482905,,,
Faroe Grind,1,0.4082482905,,,
,,,,,
3 Million Whales,1,0.242535625,,,
whaling,3,0.7276068751,,,
International whaling bans,1,0.242535625,,,
Humans Killed Nearly 3 Million Whales in the 20th Century:,1,0.242535625,,,
Whales,2,0.4850712501,,,
Killed,1,0.242535625,,,
,,,,,
Whaling,1,0.158113883,,,
"#Whales_dot_
The",1,0.158113883,,,
Japanese Whaling,2,0.316227766,,,
Big Lie Behind Japanese Whaling,1,0.158113883,,,
"killing #Whales_dot_
The",2,0.316227766,,,
@SavetheDolphin1:,1,0.158113883,,,
"stop killing #Whales_dot_
The",1,0.158113883,,,
#Japan needs to stop killing,1,0.158113883,,,
"#Whales_dot_
The Big Lie Behind Japanese Whaling",1,0.158113883,,,
#Japan,5,0.790569415,,,
,,,,,
whaling,3,0.9486832981,,,
Faroe Grind,1,0.316227766,,,
,,,,,
whaling is illegal,1,0.3015113446,,,
whaling,2,0.6030226892,,,
I know whaling is illegal but Fuck it_dot_ I'm in_dot_,1,0.3015113446,,,
illegal,1,0.3015113446,,,
hapoonist_dot_,2,0.6030226892,,,
,,,,,
Nearly 3 million whales were killed by commercial whaling,1,0.2294157339,,,
3 million whales,1,0.2294157339,,,
commercial whaling,1,0.2294157339,,,
whaling,3,0.6882472016,,,
3 million whales were killed,1,0.2294157339,,,
killed,1,0.2294157339,,,
whales were killed,1,0.2294157339,,,
whales,2,0.4588314677,,,
,,,,,
The IWC was created to manage whale stocks and promote sustainable whaling_dot_ Can we say,1,0.2672612419,,,
IWC,1,0.2672612419,,,
promote sustainable whaling_dot_,1,0.2672612419,,,
whale,1,0.2672612419,,,
manage whale stocks,1,0.2672612419,,,
whaling_dot_,3,0.8017837257,,,
,,,,,
#Japan needs,1,0.2236067977,,,
Whaling,1,0.2236067977,,,
#Japan,2,0.4472135955,,,
"stop killing #Whales_dot_
The",1,0.2236067977,,,
"killing #Whales_dot_
The",3,0.6708203932,,,
Japanese Whaling,2,0.4472135955,,,
,,,,,
death from illegal whaling,1,1,,,
,,,,,
Whaling,1,1,,,
,,,,,
Commercial #whaling wiped out almost 3 million,1,0.4472135955,,,
3 million animals,1,0.4472135955,,,
#whaling wiped,1,0.4472135955,,,
wiped out almost 3 million animals,1,0.4472135955,,,
Commercial #whaling,1,0.4472135955,,,
,,,,,
Japan must end whaling,1,0.158113883,,,
whaling,4,0.632455532,,,
whale,3,0.474341649,,,
Japan,3,0.474341649,,,
whale and dolphin,2,0.316227766,,,
dolphin,1,0.158113883,,,
,,,,,
continue whaling,3,0.5883484054,,,
IWC,1,0.1961161351,,,
whaling,1,0.1961161351,,,
IWC stands firm against Japan's attempts,,,,,
Japan's attempts to continue whaling,,,,,
against Japan's,,,,,
Japan's attempts,,,,,
Japan's,,,,,
Demand,1,0.1961161351,,,
stands,1,0.1961161351,,,
,,,,,
whale,2,0.2886751346,,,
replacement,1,0.1443375673,,,
dolphin,1,0.1443375673,,,
Japan must end whaling,3,0.4330127019,,,
whaling,3,0.4330127019,,,
imported,1,0.1443375673,,,
end whaling,1,0.1443375673,,,
whale and dolphin meat_dot_,1,0.1443375673,,,
Japan,4,0.5773502692,,,
alternative protein sources,1,0.1443375673,,,
dolphin meat_dot_,2,0.2886751346,,,
,,,,,
slaughtered nearly 3 MILLION whales,2,0.5,,,
slaughtered,2,0.5,,,
"Humans slaughtered nearly 3 MILLION whales in the 20th century_dot__dot__dot__dot_,",2,0.5,,,
whales,2,0.5,,,
,,,,,
"Faroes outdated, cruel whaling tradition?",1,0.7071067812,,,
whaling tradition?,1,0.7071067812,,,
,,,,,
#whales,1,0.316227766,,,
Whaling's,3,0.9486832981,,,
,,,,,
tainted,1,0.2294157339,,,
tainted only by the tradition of whaling_dot_,1,0.2294157339,,,
"Rugged and wild,",1,0.2294157339,,,
whaling_dot_,4,0.9176629355,,,
,,,,,
South Korea whaling OK,1,0.2357022604,,,
Sea Shepherd:,1,0.2357022604,,,
whaling,4,0.9428090416,,,
,,,,,
3 MILLION whales,1,0.3535533906,,,
slaughtered nearly 3 MILLION whales,1,0.3535533906,,,
slaughtered,1,0.3535533906,,,
"Humans slaughtered nearly 3 MILLION whales in the 20th century_dot__dot__dot__dot_,",1,0.3535533906,,,
whales,2,0.7071067812,,,
,,,,,
#Whalefest2015,1,0.7071067812,,,
ending #whaling,1,0.7071067812,,,
,,,,,
Dolphin Hunting?,,,,,
Whale Watching in Japan:,,,,,
Whaling,3,0.6,,,
Dolphin,2,0.4,,,
Japan:,,,,,
Japan,1,0.2,,,
Whale Watching,1,0.2,,,
Watching,2,0.4,,,
,,,,,
biggest whaling nation,2,0.298142397,,,
whaling,3,0.4472135955,,,
(%33,1,0.1490711985,,,
focus on Japan_dot_,2,0.298142397,,,
Japan_dot_,5,0.7453559925,,,
"the biggest whaling nation on earth,",1,0.1490711985,,,
"biggest whaling nation on earth,",1,0.1490711985,,,
,,,,,
balanced arguments about whaling_dot_,1,0.7071067812,,,
@SavetheDolphin1,1,0.7071067812,,,
,,,,,
whaling,2,0.894427191,,,
cruel whaling,1,0.4472135955,,,
,,,,,
"whaling bays,",1,0.2886751346,,,
whaling,3,0.8660254038,,,
Faroe Grind,1,0.2886751346,,,
"With 23 whaling bays, not difficult for tourists to find themselves witness to Faroe Grind",1,0.2886751346,,,
,,,,,
3 million whales,1,0.2182178902,,,
commercial whaling_dot_,2,0.4364357805,,,
3 million whales were killed,1,0.2182178902,,,
3 million whales were killed in 20th century due to commercial whaling_dot_,1,0.2182178902,,,
whales,3,0.6546536707,,,
killed,2,0.4364357805,,,
,,,,,
Denmark is Pro-Whaling_dot_,1,1,,,
,,,,,
Japan: End Illegal Antarctic Whaling,1,0.2041241452,,,
Tell Japan:,1,0.2041241452,,,
Whaling,2,0.4082482905,,,
Antarctic Whaling,1,0.2041241452,,,
Japan: End Illegal Antarctic Whaling Today!,2,0.4082482905,,,
End Illegal Antarctic Whaling Today!,2,0.4082482905,,,
Japan:,3,0.6123724357,,,
,,,,,
pressure,2,0.3592106041,,,
stop whaling,2,0.3592106041,,,
Japan to stop whaling,1,0.179605302,,,
Japan,4,0.7184212081,,,
whaling,2,0.3592106041,,,
Keeping,1,0.179605302,,,
Keeping the pressure on Japan to stop whaling,1,0.179605302,,,
,,,,,
whaling,1,1,,,
,,,,,
#tweet4dolphins,1,1,,,
,,,,,
balanced arguments about whaling_dot_,1,0.3333333333,,,
#againstwhaling,1,0.3333333333,,,
arguments about whaling_dot_,1,0.3333333333,,,
whaling_dot_,2,0.6666666667,,,
@SavetheDolphin1,1,0.3333333333,,,
Y6 balanced arguments about whaling_dot_,1,0.3333333333,,,
,,,,,
Whale,1,0.4082482905,,,
A-Whaling:,2,0.8164965809,,,
Great Whale,1,0.4082482905,,,
,,,,,
Tell Japan:,1,0.158113883,,,
Japan: End Illegal Antarctic Whaling Today!,1,0.158113883,,,
Antarctic Whaling,1,0.158113883,,,
Whaling,3,0.474341649,,,
Antarctic Whaling Today!,1,0.158113883,,,
Illegal,1,0.158113883,,,
Japan:,5,0.790569415,,,
End Illegal Antarctic Whaling,1,0.158113883,,,
,,,,,
whaling,3,1,,,
,,,,,
Whaling,2,0.894427191,,,
Whaling Nations,1,0.4472135955,,,
,,,,,
whaling tradition?,1,0.4082482905,,,
whaling,1,0.4082482905,,,
cruel whaling tradition?,2,0.8164965809,,,
,,,,,
Whaling,1,0.5,,,
National Anthems of Great Current Whaling Nations,1,0.5,,,
Whaling Nations,1,0.5,,,
#seashepherd,1,0.5,,,
,,,,,
Whaling,1,0.4082482905,,,
Denmark is Pro Whaling as they support Faroeâ€™s Grindadrap,1,0.4082482905,,,
Pro Whaling,2,0.8164965809,,,
,,,,,
whaling,1,0.2672612419,,,
whaling program,2,0.5345224838,,,
Japan,2,0.5345224838,,,
Japan expanding controversial whaling program,2,0.5345224838,,,
Japan expanding,1,0.2672612419,,,
,,,,,
Alaska Whale Stew,1,1,,,
,,,,,
Whaling Slaughter,2,0.5547001962,,,
Whaling,2,0.5547001962,,,
World's Whaling Slaughter,2,0.5547001962,,,
World's Whaling Slaughter Tallied at 3 Million,1,0.2773500981,,,
,,,,,
whaling,2,1,,,
,,,,,
whaling,4,0.9428090416,,,
Will Makah whaling return? New federal study proposes as many as 24 kills within 6-year period_dot_,1,0.2357022604,,,
Makah whaling return?,1,0.2357022604,,,
,,,,,
whaling,2,0.6030226892,,,
International whaling bans,1,0.3015113446,,,
Humans Killed Nearly 3 Million Whales,1,0.3015113446,,,
International whaling bans have,1,0.3015113446,,,
Whales,2,0.6030226892,,,
,,,,,
Whaling,3,0.9045340337,,,
International Whaling,1,0.3015113446,,,
International Whaling Commission,1,0.3015113446,,,
,,,,,
3 million whales,1,0.2132007164,,,
killed by commercial whaling,1,0.2132007164,,,
3 million whales were killed,1,0.2132007164,,,
3 million whales were killed by commercial whaling,1,0.2132007164,,,
whaling,3,0.6396021491,,,
Nearly 3 million whales,1,0.2132007164,,,
killed,2,0.4264014327,,,
whales,2,0.4264014327,,,
,,,,,
whaling,2,0.894427191,,,
About to begin whaling,1,0.4472135955,,,
,,,,,
Whaling Slaughter,1,0.5773502692,,,
World's Whaling Slaughter,1,0.5773502692,,,
World's Whaling Slaughter Tallied at 3 Million,1,0.5773502692,,,
,,,,,
whaling,2,0.894427191,,,
"outdated, cruel whaling tradition?",1,0.4472135955,,,
,,,,,
Great Current Whaling Nations,1,0.4472135955,,,
Whaling,2,0.894427191,,,
,,,,,
whaling,4,1,,,
,,,,,
whaling,1,1,,,
,,,,,
Whaling,3,0.9486832981,,,
#thecove #seashepherd,1,0.316227766,,,
,,,,,
whaling,,,,,
whale watch industry,1,0.4082482905,,,
@WHALES_org: Support or boycott?,1,0.4082482905,,,
whale watch,1,0.4082482905,,,
ending whaling,,,,,
watch industry,1,0.4082482905,,,
,,,,,
Whaling,1,0.7071067812,,,
Whaling Season,1,0.7071067812,,,
,,,,,
#BloodEclipse,1,0.5,,,
whaling tradition?,1,0.5,,,
whaling,1,0.5,,,
cruel whaling,1,0.5,,,
,,,,,
"slaughter tallied_dot_
Mind",1,0.2886751346,,,
"whale for the killing_dot_
Cetacean",1,0.2886751346,,,
#whales,1,0.2886751346,,,
whale,2,0.5773502692,,,
"killing_dot_
Cetacean",2,0.5773502692,,,
"whale for the killing_dot_
Cetacean slaughter",1,0.2886751346,,,
,,,,,
Whale hunting whaling,2,1,,,
,,,,,
whaling,4,1,,,
,,,,,
whaling,3,0.9486832981,,,
online whaling petition,1,0.316227766,,,
,,,,,
Humans slaughtered nearly 3 MILLION whales,1,0.5773502692,,,
slaughtered nearly 3 MILLION whales,1,0.5773502692,,,
whales,1,0.5773502692,,,
,,,,,
whaling,1,0.7071067812,,,
whales,1,0.7071067812,,,
,,,,,
Whaling,3,1,,,
,,,,,
Whaling,1,0.25,,,
#ShutTaijiDown #tweet4dolphins #opkillingbay,1,0.25,,,
Whaling Facts,3,0.75,,,
#Tweet4Taiji #ShutTaijiDown #tweet4dolphins #opkillingbay #seashepherd #coveguardians,,,,,
#tweet4dolphins,2,0.5,,,
,,,,,
#whaling,2,0.894427191,,,
Commercial #whaling,1,0.4472135955,,,
,,,,,
whaling ships,1,0.1889822365,,,
whaling,3,0.5669467095,,,
death-Japanese -- Norwegian-banned,,,,,
whaling ships are really ugly factories death-Japanese -- Norwegian-banned,,,,,
factories death-Japanese -- Norwegian-banned,,,,,
,,,,,
dolphin hunting_dot_,2,0.291729983,,,
whaling,4,0.583459966,,,
Japan must end whaling and dolphin hunting_dot_,1,0.1458649915,,,
whaling and dolphin hunting_dot_,1,0.1458649915,,,
Japan,5,0.7293249575,,,
,,,,,
Whaling,3,0.9486832981,,,
Pro Whaling,1,0.316227766,,,
,,,,,
#BloodEclipse,1,0.5,,,
whaling,1,0.5,,,
cruel whaling,1,0.5,,,
cruel whaling tradition?,1,0.5,,,
,,,,,
Alaska Whale Stew,1,1,,,
,,,,,
whaling_dot_,1,1,,,
,,,,,
#BloodEclipse,1,0.3015113446,,,
"whaling bays,",1,0.3015113446,,,
whaling,3,0.9045340337,,,
,,,,,
whaling,2,1,,,
,,,,,
whaling,2,0.894427191,,,
whaling tradition,1,0.4472135955,,,
,,,,,
#Whale &amp; #Dolphin Meat in Japan,4,0.6172133998,,,
#Whale,3,0.4629100499,,,
#CrueltyforProfit #Whaling,2,0.3086066999,,,
#Whaling,2,0.3086066999,,,
Japan,3,0.4629100499,,,
,,,,,
Pro-Whaling_dot_,1,1,,,
,,,,,
Japanese research whaling(1000)_dot_,3,0.5773502692,,,
"Why complain Japan, not Korea?",1,0.1924500897,,,
Whales_dot_,1,0.1924500897,,,
"Japan,",1,0.1924500897,,,
Whale,1,0.1924500897,,,
Japanese,3,0.5773502692,,,
whaling(1000)_dot_,2,0.3849001795,,,
It's double of Japanese research whaling(1000)_dot_,1,0.1924500897,,,
,,,,,
Whaling Slaughter,2,0.755928946,,,
Whaling,1,0.377964473,,,
World's Whaling Slaughter,1,0.377964473,,,
World's Whaling Slaughter Tallied at 3 Million,1,0.377964473,,,
,,,,,
#ShutTaijiDown,1,0.1643989873,,,
whaling,4,0.6575959492,,,
stop whaling,2,0.3287979746,,,
@BoycottJapan_,4,0.6575959492,,,
,,,,,
https: -- -- t_dot_co -- UfGKGQVohO,,,,,
,,,,,
3 million whales were killed in 20th century,1,0.2886751346,,,
commercial whaling_dot_,2,0.5773502692,,,
3 million whales were killed,1,0.2886751346,,,
whaling_dot_,2,0.5773502692,,,
whales,1,0.2886751346,,,
Report says 3 million whales were killed in 20th century due to commercial whaling_dot_,1,0.2886751346,,,
,,,,,
#BloodEclipse,2,0.6666666667,,,
Denmark supports Faroes Grindadrap,1,0.3333333333,,,
Denmark is Pro-Whaling_dot_,2,0.6666666667,,,
,,,,,
whaling,3,0.9486832981,,,
Quel whaling,1,0.316227766,,,
,,,,,
sign Japan: End Illegal Antarctic Whaling,,,,,
#whales #conservation #AnimalRights,1,0.1924500897,,,
Whaling,1,0.1924500897,,,
Antarctic Whaling,1,0.1924500897,,,
sign Japan:,,,,,
#whales,1,0.1924500897,,,
sign Japan: End Illegal Antarctic Whaling Today!,,,,,
End Illegal Antarctic Whaling Today!,1,0.1924500897,,,
Illegal Antarctic Whaling,1,0.1924500897,,,
,,,,,
#ShutTaijiDown,2,0.4850712501,,,
#Tweet4Taiji #ShutTaijiDown #tweet4dolphins #opkillingbay #seashepherd,1,0.242535625,,,
whaling,2,0.4850712501,,,
Support for whaling is on the rise_dot_,2,0.4850712501,,,
#seashepherd,2,0.4850712501,,,
,,,,,
Whaling,1,0.4082482905,,,
Denmark,1,0.4082482905,,,
Pro Whaling,2,0.8164965809,,,
,,,,,
3 million whales were killed by,1,0.25,,,
commercial whaling,3,0.75,,,
whaling,1,0.25,,,
3 million whales were killed,1,0.25,,,
whales,2,0.5,,,
,,,,,
Whaling Slaughter Tallied at 3 Million,1,1,,,
,,,,,
whaling,2,0.7071067812,,,
Whales Killed,1,0.3535533906,,,
whaling industry killed,1,0.3535533906,,,
Hunting,1,0.3535533906,,,
Toll of All the Whales Killed by Hunting,1,0.3535533906,,,
,,,,,
killed,1,0.5773502692,,,
whaling_dot_,1,0.5773502692,,,
whales,1,0.5773502692,,,
,,,,,
Research whaling,1,0.4472135955,,,
feasibility,1,0.4472135955,,,
hunting,1,0.4472135955,,,
studying,1,0.4472135955,,,
"certain species,",1,0.4472135955,,,
,,,,,
Whaling,2,0.755928946,,,
National Anthems of Great Current Whaling Nations,1,0.377964473,,,
Whaling Nations,1,0.377964473,,,
#seashepherd #thecove,1,0.377964473,,,
,,,,,
Whaling,3,0.9486832981,,,
Pro Whaling,1,0.316227766,,,
,,,,,
But whaling tradition discourages many,1,0.7071067812,,,
whaling,1,0.7071067812,,,
,,,,,
Killed Nearly 3 Million Whales,1,0.7071067812,,,
International whaling,1,0.7071067812,,,
,,,,,
Whaling Commission,1,1,,,
,,,,,
#BloodEclipse,1,0.2886751346,,,
Denmark supports Faroes Grindadrap,1,0.2886751346,,,
Denmark supports,1,0.2886751346,,,
Pro-Whaling_dot_,2,0.5773502692,,,
Denmark is Pro-Whaling_dot_,2,0.5773502692,,,
Denmark,1,0.2886751346,,,
,,,,,
#whaling wiped out almost 3 million animals in the 20th century:,1,0.5773502692,,,
#whaling,1,0.5773502692,,,
Commercial #whaling,1,0.5773502692,,,
,,,,,
#Whales #CommercialWhaling,2,0.894427191,,,
whales slaughtered,1,0.4472135955,,,
,,,,,
Tell Japan:,1,0.2236067977,,,
Tell Japan: End Illegal Antarctic Whaling Today!,1,0.2236067977,,,
End Illegal Antarctic Whaling,1,0.2236067977,,,
Whaling,2,0.4472135955,,,
Tell Japan: End Illegal Antarctic Whaling,1,0.2236067977,,,
Whaling Today!,1,0.2236067977,,,
Antarctic Whaling,1,0.2236067977,,,
Japan:,3,0.6708203932,,,
Tell Japan: End,1,0.2236067977,,,
,,,,,
Whaling,2,0.894427191,,,
Whaling fleet experts,1,0.4472135955,,,
,,,,,
end whaling,1,0.7071067812,,,
Support whale watching,1,0.7071067812,,,
,,,,,
whaling,1,0.4082482905,,,
#Edgartown is well known as having been one of the primary ports for the whaling industry,1,0.4082482905,,,
whaling industry,2,0.8164965809,,,
,,,,,
@SeaShepherd_USA:,1,0.2773500981,,,
commercial whaling,3,0.8320502943,,,
3 million whales were killed,1,0.2773500981,,,
3 million whales were killed by commercial whaling,1,0.2773500981,,,
whales,1,0.2773500981,,,
,,,,,
3 million,1,0.7071067812,,,
Commercial #whaling wiped out,1,0.7071067812,,,
,,,,,
whaling,2,0.5345224838,,,
whaling program,1,0.2672612419,,,
Japan,2,0.5345224838,,,
Japan expanding controversial whaling program,2,0.5345224838,,,
Japan expanding,1,0.2672612419,,,
,,,,,
#Tweet4Taiji,1,0.2182178902,,,
Whale,2,0.4364357805,,,
Whale Steak,1,0.2182178902,,,
#whaling,3,0.6546536707,,,
Whale in Red Wine,1,0.2182178902,,,
#Tweet4Taiji #whaling,1,0.2182178902,,,
,,,,,
Whaling Nations,2,1,,,
#Tweet4Taiji,1,0.377964473,,,
Whaling,2,0.755928946,,,
Current Whaling Nations,1,0.377964473,,,
,,,,,
Pro-Whaling_dot_,1,0.5773502692,,,
Denmark is Pro-Whaling_dot_,1,0.5773502692,,,
Denmark supports Faroes Grindadrap = Denmark is Pro-Whaling_dot_ End it!,1,0.5773502692,,,
,,,,,
whale watch industry,1,0.316227766,,,
@WHALES_org:,2,0.632455532,,,
whale watch,1,0.316227766,,,
whale watch industry is vital,1,0.316227766,,,
supporting Iceland's whale watch industry,1,0.4472135955,,,
supporting Iceland's whale watch industry is vital for ending whaling,,,,,
ending whaling,,,,,
,,,,,
whaling slaughter,1,0.7071067812,,,
3 million,1,0.7071067812,,,
,,,,,
@SeaShepherd_USA,1,1,,,
,,,,,
whaling,1,1,,,
,,,,,
Japan MUST stop eating whale,1,0.174077656,,,
Japan MUST stop eating whale &amp; dolphin meat,4,0.6963106238,,,
whale &amp; dolphin meat,1,0.174077656,,,
stop,1,0.158113883,,,
whale,3,0.474341649,,,
dolphin,2,0.316227766,,,
#whaling,2,0.316227766,,,
Japan,4,0.632455532,,,
,,,,,
#SeaShepherd #thecove,1,0.3015113446,,,
#Tweet4Taiji,1,0.3333333333,,,
Whaling,2,0.6666666667,,,
Current Whaling Nations,2,0.6666666667,,,
,,,,,
#whaling,,,,,
,,,,,
End it!,1,0.7071067812,,,
Denmark is Pro-Whaling_dot_,1,0.7071067812,,,
,,,,,
Whales Must Be Protected in U_dot_S_dot_ Waters,1,0.2581988897,,,
Makah Whaling,1,0.2581988897,,,
Whaling,3,0.7745966692,,,
Whales,2,0.5163977795,,,
Makah Whaling,1,1,,,
,,,,,
@CoveGuardians,1,0.3535533906,,,
#tweet4taiji,1,0.3535533906,,,
ï‡¯ï‡µJapan increased whileïŒ #tweet4taiji,,,,,
#tweet4taiji @CoveGuardians,1,0.3535533906,,,
ï‡¯ï‡µJapan,,,,,
,,,,,
Tell our Government to urge Japan to end 'scientific whaling',1,0.242535625,,,
urge Japan to end 'scientific whaling',1,0.242535625,,,
Japan to end 'scientific whaling',2,0.4850712501,,,
whaling',2,0.4850712501,,,
Japan,2,0.4850712501,,,
scientific whaling',4,0.5345224838,,,
end 'scientific whaling',1,0.133630621,,,
,,,,,
,,,,,
,,,,,
,,,,,
,,,,,
,,,,,
,,,,,
,,,,,
,,,,,
,,,,,
,,,,,
,,,,,
,,,,,
,,,,,
,,,,,
,,,,,
,,,,,
,,,,,
,,,,,
,,,,,
,,,,,
,,,,,
,,,,,
,,,,,
,,,,,
,,,,,
,,,,,
,,,,,
,,,,,
,,,,,
,,,,,
,,,,,
,,,,,
,,,,,
,,,,,
,,,,,
,,,,,
,,,,,
,,,,,
,,,,,
,,,,,
,,,,,
,,,,,
,,,,,
,,,,,
,,,,,
,,,,,
,,,,,
,,,,,
,,,,,
,,,,,
,,,,,
,,,,,
,,,,,
,,,,,
,,,,,
,,,,,
,,,,,
,,,,,
,,,,,
,,,,,
,,,,,
,,,,,
,,,,,
,,,,,
,,,,,
,,,,,
,,,,,
,,,,,
,,,,,
,,,,,
,,,,,
,,,,,
,,,,,
,,,,,
,,,,,
,,,,,
,,,,,
,,,,,
,,,,,
,,,,,
,,,,,
,,,,,
,,,,,
,,,,,
,,,,,
,,,,,
,,,,,
,,,,,
,,,,,
,,,,,
,,,,,
,,,,,
,,,,,
,,,,,
,,,,,
,,,,,
,,,,,
,,,,,
,,,,,
,,,,,
,,,,,
,,,,,
,,,,,
,,,,,
,,,,,
,,,,,
,,,,,
,,,,,
,,,,,
,,,,,
,,,,,
,,,,,
,,,,,
,,,,,
,,,,,
,,,,,
,,,,,
,,,,,
,,,,,
,,,,,
,,,,,
,,,,,
,,,,,
,,,,,
,,,,,
,,,,,
,,,,,
,,,,,
,,,,,
,,,,,
,,,,,
,,,,,
,,,,,
,,,,,
,,,,,
,,,,,
,,,,,
,,,,,
,,,,,
,,,,,
,,,,,
,,,,,
,,,,,
,,,,,
,,,,,
,,,,,
,,,,,
,,,,,
,,,,,
,,,,,
,,,,,
,,,,,
,,,,,
,,,,,
,,,,,
,,,,,
,,,,,
,,,,,
,,,,,
,,,,,
,,,,,
,,,,,
,,,,,
,,,,,
,,,,,
,,,,,
,,,,,
,,,,,
,,,,,
,,,,,
,,,,,
,,,,,
,,,,,
,,,,,
,,,,,
,,,,,
,,,,,
,,,,,
,,,,,
,,,,,
,,,,,
,,,,,
,,,,,
,,,,,
,,,,,
,,,,,
,,,,,
,,,,,
,,,,,
,,,,,
,,,,,
,,,,,
,,,,,
,,,,,
,,,,,
,,,,,
,,,,,
,,,,,
,,,,,
,,,,,
,,,,,
,,,,,
,,,,,
,,,,,
,,,,,
,,,,,
,,,,,
,,,,,
,,,,,
,,,,,
,,,,,
,,,,,
,,,,,
,,,,,
,,,,,
,,,,,
,,,,,
,,,,,
,,,,,
,,,,,
,,,,,
,,,,,
,,,,,
,,,,,
,,,,,
,,,,,
,,,,,
,,,,,
,,,,,
,,,,,
,,,,,
,,,,,
,,,,,
,,,,,
,,,,,
,,,,,
,,,,,
,,,,,
,,,,,
,,,,,
,,,,,
,,,,,
,,,,,
,,,,,
,,,,,
,,,,,
,,,,,
,,,,,
,,,,,
,,,,,
,,,,,
,,,,,
,,,,,
,,,,,
,,,,,
,,,,,
,,,,,
,,,,,
,,,,,
,,,,,
,,,,,
,,,,,
,,,,,
,,,,,
,,,,,
,,,,,
,,,,,
,,,,,
,,,,,
,,,,,
,,,,,
,,,,,
,,,,,
,,,,,
,,,,,
,,,,,
,,,,,
,,,,,
,,,,,
,,,,,
,,,,,
,,,,,
,,,,,
,,,,,
,,,,,
,,,,,
,,,,,
,,,,,
,,,,,
,,,,,
,,,,,
,,,,,
,,,,,
,,,,,
,,,,,
,,,,,
,,,,,
,,,,,
,,,,,
,,,,,
,,,,,
,,,,,
,,,,,
,,,,,
,,,,,
,,,,,
,,,,,
,,,,,
,,,,,
,,,,,
,,,,,
,,,,,
,,,,,
,,,,,
,,,,,
,,,,,
,,,,,
,,,,,
,,,,,
,,,,,
,,,,,
,,,,,
,,,,,
,,,,,
,,,,,
,,,,,
,,,,,
,,,,,
,,,,,
,,,,,
,,,,,
,,,,,
,,,,,
,,,,,
,,,,,
,,,,,
,,,,,
,,,,,
,,,,,
,,,,,
,,,,,
,,,,,
,,,,,
,,,,,
,,,,,
,,,,,
,,,,,
,,,,,
,,,,,
,,,,,
,,,,,
,,,,,
,,,,,
,,,,,
,,,,,
,,,,,
,,,,,
,,,,,
,,,,,
,,,,,
,,,,,
,,,,,
,,,,,
,,,,,
,,,,,
,,,,,
,,,,,
,,,,,
,,,,,
,,,,,
,,,,,
,,,,,
,,,,,
,,,,,
,,,,,
,,,,,
,,,,,
,,,,,
,,,,,
,,,,,
,,,,,
,,,,,
,,,,,
,,,,,
,,,,,
,,,,,
,,,,,
,,,,,
,,,,,
,,,,,
,,,,,
,,,,,
,,,,,
,,,,,
,,,,,
,,,,,
,,,,,
,,,,,
,,,,,
,,,,,
,,,,,
,,,,,
,,,,,
,,,,,
,,,,,
,,,,,
,,,,,
,,,,,
,,,,,
,,,,,
,,,,,
,,,,,
,,,,,
,,,,,
,,,,,
,,,,,
,,,,,
,,,,,
,,,,,
,,,,,
,,,,,
,,,,,
,,,,,
,,,,,
,,,,,
,,,,,
,,,,,
,,,,,
,,,,,
,,,,,
,,,,,
,,,,,
,,,,,
,,,,,
,,,,,
,,,,,
,,,,,
,,,,,
,,,,,
,,,,,
,,,,,
,,,,,
,,,,,
,,,,,
,,,,,
,,,,,
,,,,,
,,,,,
,,,,,
,,,,,
,,,,,
,,,,,
,,,,,
,,,,,
,,,,,
,,,,,
,,,,,
,,,,,
,,,,,
,,,,,
,,,,,
,,,,,
,,,,,
,,,,,
,,,,,
,,,,,
,,,,,
,,,,,
,,,,,
,,,,,
,,,,,
,,,,,
,,,,,
,,,,,
,,,,,
,,,,,
,,,,,
,,,,,
,,,,,
,,,,,
,,,,,
,,,,,
,,,,,
,,,,,
,,,,,
,,,,,
,,,,,
,,,,,
,,,,,
,,,,,
,,,,,
,,,,,
,,,,,
,,,,,
,,,,,
,,,,,
,,,,,
,,,,,
,,,,,
,,,,,
,,,,,
,,,,,
,,,,,
,,,,,
,,,,,
,,,,,
,,,,,
,,,,,
,,,,,
,,,,,
,,,,,
,,,,,
,,,,,
,,,,,
,,,,,
,,,,,
,,,,,
,,,,,
,,,,,
,,,,,
,,,,,
,,,,,
,,,,,
,,,,,
,,,,,
,,,,,
,,,,,
,,,,,
,,,,,